County,Year,Median Income
Alameda,2000,37580
Alpine,2000,29333
Amador,2000,31806
Butte,2000,24513
Calaveras,2000,31420
Colusa,2000,21691
Contra Costa,2000,42052
Del Norte,2000,25540
El Dorado,2000,39104
Fresno,2000,23638
Glenn,2000,22389
Humboldt,2000,24633
Imperial,2000,19094
Inyo,2000,27170
Kern,2000,25794
Kings,2000,24022
Lake,2000,24569
Lassen,2000,33134
Los Angeles,2000,26478
Madera,2000,23034
Marin,2000,46696
Mariposa,2000,26330
Mendocino,2000,25368
Merced,2000,23222
Modoc,2000,24390
Mono,2000,26351
Monterey,2000,28392
Napa,2000,34496
Nevada,2000,32079
Nonresident,2000,57766
Orange,2000,33515
Placer,2000,37962
Plumas,2000,29612
Resident Out of State,2000,25629
Riverside,2000,27888
Sacramento,2000,31939
San Benito,2000,33718
San Bernardino,2000,28053
San Diego,2000,30405
San Francisco,2000,37458
San Joaquin,2000,29664
San Luis Obispo,2000,30163
San Mateo,2000,44270
Santa Barbara,2000,29599
Santa Clara,2000,45214
Santa Cruz,2000,32194
Shasta,2000,26590
Sierra,2000,30105
Siskiyou,2000,23838
Solano,2000,35856
Sonoma,2000,34862
Stanislaus,2000,27559
Sutter,2000,25298
Tehama,2000,23445
Trinity,2000,24083
Tulare,2000,21068
Tuolumne,2000,28425
Unallocated,2000,20220
Ventura,2000,33412
Yolo,2000,29382
Yuba,2000,23742
Alameda,2001,38582
Alpine,2001,31999
Amador,2001,31931
Butte,2001,24847
Calaveras,2001,31780
Colusa,2001,22591
Contra Costa,2001,43012
Del Norte,2001,25687
El Dorado,2001,39978
Fresno,2001,24483
Glenn,2001,23085
Humboldt,2001,24892
Imperial,2001,20230
Inyo,2001,27870
Kern,2001,26906
Kings,2001,24795
Lake,2001,25741
Lassen,2001,33221
Los Angeles,2001,26909
Madera,2001,23876
Marin,2001,45869
Mariposa,2001,26236
Mendocino,2001,25340
Merced,2001,24159
Modoc,2001,24927
Mono,2001,27285
Monterey,2001,28994
Napa,2001,35069
Nevada,2001,32087
Nonresident,2001,54721
Orange,2001,34047
Placer,2001,38719
Plumas,2001,29717
Resident Out of State,2001,27581
Riverside,2001,28804
Sacramento,2001,33012
San Benito,2001,34694
San Bernardino,2001,28836
San Diego,2001,31267
San Francisco,2001,37315
San Joaquin,2001,30711
San Luis Obispo,2001,30686
San Mateo,2001,44697
Santa Barbara,2001,30080
Santa Clara,2001,45585
Santa Cruz,2001,32624
Shasta,2001,27314
Sierra,2001,31451
Siskiyou,2001,24068
Solano,2001,37507
Sonoma,2001,35322
Stanislaus,2001,28501
Sutter,2001,26158
Tehama,2001,24354
Trinity,2001,23400
Tulare,2001,21611
Tuolumne,2001,28466
Unallocated,2001,20558
Ventura,2001,34078
Yolo,2001,30825
Yuba,2001,24305
Alameda,2002,38044
Alpine,2002,34166
Amador,2002,32930
Butte,2002,25332
Calaveras,2002,32885
Colusa,2002,23288
Contra Costa,2002,42762
Del Norte,2002,26759
El Dorado,2002,40488
Fresno,2002,25204
Glenn,2002,23681
Humboldt,2002,25356
Imperial,2002,21164
Inyo,2002,28329
Kern,2002,27295
Kings,2002,25732
Lake,2002,25651
Lassen,2002,33499
Los Angeles,2002,27164
Madera,2002,24756
Marin,2002,44399
Mariposa,2002,27120
Mendocino,2002,25684
Merced,2002,24861
Modoc,2002,25216
Mono,2002,28242
Monterey,2002,29429
Napa,2002,35208
Nevada,2002,31864
Nonresident,2002,54467
Orange,2002,34081
Placer,2002,39155
Plumas,2002,29872
Resident Out of State,2002,28527
Riverside,2002,29498
Sacramento,2002,33498
San Benito,2002,35358
San Bernardino,2002,29363
San Diego,2002,31813
San Francisco,2002,35958
San Joaquin,2002,30990
San Luis Obispo,2002,31122
San Mateo,2002,43477
Santa Barbara,2002,30463
Santa Clara,2002,43105
Santa Cruz,2002,31975
Shasta,2002,28138
Sierra,2002,29976
Siskiyou,2002,24865
Solano,2002,38120
Sonoma,2002,35228
Stanislaus,2002,29121
Sutter,2002,27349
Tehama,2002,24973
Trinity,2002,24425
Tulare,2002,22584
Tuolumne,2002,28636
Unallocated,2002,28038
Ventura,2002,34614
Yolo,2002,31787
Yuba,2002,25173
Alameda,2003,38411
Alpine,2003,36124
Amador,2003,33632
Butte,2003,26205
Calaveras,2003,33453
Colusa,2003,24305
Contra Costa,2003,42880
Del Norte,2003,27825
El Dorado,2003,41609
Fresno,2003,26021
Glenn,2003,24523
Humboldt,2003,26157
Imperial,2003,21799
Inyo,2003,29120
Kern,2003,27729
Kings,2003,25839
Lake,2003,26702
Lassen,2003,34615
Los Angeles,2003,27746
Madera,2003,25718
Marin,2003,44797
Mariposa,2003,27984
Mendocino,2003,26005
Merced,2003,25636
Modoc,2003,25749
Mono,2003,28556
Monterey,2003,29789
Napa,2003,35472
Nevada,2003,32682
Nonresident,2003,54532
Orange,2003,34632
Placer,2003,40015
Plumas,2003,30306
Resident Out of State,2003,30370
Riverside,2003,30227
Sacramento,2003,34087
San Benito,2003,35059
San Bernardino,2003,29829
San Diego,2003,32410
San Francisco,2003,36354
San Joaquin,2003,31804
San Luis Obispo,2003,31831
San Mateo,2003,43369
Santa Barbara,2003,31311
Santa Clara,2003,42642
Santa Cruz,2003,32002
Shasta,2003,28984
Sierra,2003,30309
Siskiyou,2003,25456
Solano,2003,38436
Sonoma,2003,35346
Stanislaus,2003,29987
Sutter,2003,28203
Tehama,2003,25978
Trinity,2003,25046
Tulare,2003,23373
Tuolumne,2003,29122
Unallocated,2003,31649
Ventura,2003,35370
Yolo,2003,32806
Yuba,2003,26505
Alameda,2004,39779
Alpine,2004,40322
Amador,2004,34734
Butte,2004,27087
Calaveras,2004,35025
Colusa,2004,25403
Contra Costa,2004,43639
Del Norte,2004,28346
El Dorado,2004,42819
Fresno,2004,26540
Glenn,2004,25863
Humboldt,2004,26766
Imperial,2004,22308
Inyo,2004,29751
Kern,2004,28426
Kings,2004,26258
Lake,2004,27826
Lassen,2004,35965
Los Angeles,2004,28686
Madera,2004,26688
Marin,2004,46699
Mariposa,2004,28781
Mendocino,2004,26574
Merced,2004,26407
Modoc,2004,25939
Mono,2004,29877
Monterey,2004,30503
Napa,2004,36429
Nevada,2004,34284
Nonresident,2004,56182
Orange,2004,35787
Placer,2004,41301
Plumas,2004,31353
Resident Out of State,2004,29932
Riverside,2004,31256
Sacramento,2004,34772
San Benito,2004,35729
San Bernardino,2004,30653
San Diego,2004,33485
San Francisco,2004,37514
San Joaquin,2004,32861
San Luis Obispo,2004,33014
San Mateo,2004,44847
Santa Barbara,2004,32265
Santa Clara,2004,44152
Santa Cruz,2004,32946
Shasta,2004,29719
Sierra,2004,32732
Siskiyou,2004,25958
Solano,2004,39205
Sonoma,2004,36099
Stanislaus,2004,30983
Sutter,2004,29369
Tehama,2004,26915
Trinity,2004,25860
Tulare,2004,24048
Tuolumne,2004,30440
Unallocated,2004,26957
Ventura,2004,36249
Yolo,2004,33426
Yuba,2004,27268
Alameda,2005,40613
Alpine,2005,42173
Amador,2005,36796
Butte,2005,28025
Calaveras,2005,36424
Colusa,2005,26188
Contra Costa,2005,44312
Del Norte,2005,28806
El Dorado,2005,43935
Fresno,2005,27242
Glenn,2005,27157
Humboldt,2005,27348
Imperial,2005,22962
Inyo,2005,31544
Kern,2005,29091
Kings,2005,27416
Lake,2005,28826
Lassen,2005,37519
Los Angeles,2005,29551
Madera,2005,27738
Marin,2005,48854
Mariposa,2005,29521
Mendocino,2005,27471
Merced,2005,26988
Modoc,2005,26434
Mono,2005,31031
Monterey,2005,31069
Napa,2005,37528
Nevada,2005,35827
Nonresident,2005,58612
Orange,2005,36787
Placer,2005,42632
Plumas,2005,33871
Resident Out of State,2005,31282
Riverside,2005,31889
Sacramento,2005,35402
San Benito,2005,36380
San Bernardino,2005,31026
San Diego,2005,34500
San Francisco,2005,39187
San Joaquin,2005,33428
San Luis Obispo,2005,34217
San Mateo,2005,45992
Santa Barbara,2005,33186
Santa Clara,2005,45239
Santa Cruz,2005,33776
Shasta,2005,31020
Sierra,2005,32842
Siskiyou,2005,26609
Solano,2005,39530
Sonoma,2005,37345
Stanislaus,2005,31864
Sutter,2005,30258
Tehama,2005,27517
Trinity,2005,26480
Tulare,2005,24774
Tuolumne,2005,31745
Unallocated,2005,27853
Ventura,2005,36901
Yolo,2005,34331
Yuba,2005,29843
Alameda,2006,42360
Alpine,2006,43124
Amador,2006,37945
Butte,2006,29298
Calaveras,2006,37996
Colusa,2006,26928
Contra Costa,2006,45748
Del Norte,2006,30631
El Dorado,2006,45487
Fresno,2006,28035
Glenn,2006,27789
Humboldt,2006,28736
Imperial,2006,23557
Inyo,2006,33103
Kern,2006,30207
Kings,2006,28417
Lake,2006,30071
Lassen,2006,39066
Los Angeles,2006,30822
Madera,2006,28385
Marin,2006,51720
Mariposa,2006,31368
Mendocino,2006,28680
Merced,2006,26984
Modoc,2006,27418
Mono,2006,33673
Monterey,2006,31747
Napa,2006,39151
Nevada,2006,37468
Nonresident,2006,62209
Orange,2006,38150
Placer,2006,44034
Plumas,2006,34789
Resident Out of State,2006,29712
Riverside,2006,32748
Sacramento,2006,36306
San Benito,2006,36987
San Bernardino,2006,31778
San Diego,2006,36081
San Francisco,2006,41801
San Joaquin,2006,33825
San Luis Obispo,2006,35963
San Mateo,2006,48117
Santa Barbara,2006,34764
Santa Clara,2006,47283
Santa Cruz,2006,35062
Shasta,2006,32182
Sierra,2006,35408
Siskiyou,2006,28202
Solano,2006,40641
Sonoma,2006,38714
Stanislaus,2006,32185
Sutter,2006,31013
Tehama,2006,28417
Trinity,2006,28214
Tulare,2006,25528
Tuolumne,2006,33040
Unallocated,2006,31384
Ventura,2006,38200
Yolo,2006,35808
Yuba,2006,30240
Alameda,2007,43220
Alpine,2007,41249
Amador,2007,38080
Butte,2007,29710
Calaveras,2007,38038
Colusa,2007,27953
Contra Costa,2007,46375
Del Norte,2007,30137
El Dorado,2007,45523
Fresno,2007,28180
Glenn,2007,28839
Humboldt,2007,29312
Imperial,2007,23851
Inyo,2007,33690
Kern,2007,30438
Kings,2007,28963
Lake,2007,29855
Lassen,2007,39117
Los Angeles,2007,31187
Madera,2007,27968
Marin,2007,53673
Mariposa,2007,31357
Mendocino,2007,28786
Merced,2007,27420
Modoc,2007,28083
Mono,2007,32591
Monterey,2007,31840
Napa,2007,40296
Nevada,2007,37504
Nonresident,2007,64404
Orange,2007,38152
Placer,2007,44604
Plumas,2007,34986
Resident Out of State,2007,28296
Riverside,2007,32241
Sacramento,2007,36623
San Benito,2007,36813
San Bernardino,2007,31380
San Diego,2007,36441
San Francisco,2007,43757
San Joaquin,2007,33572
San Luis Obispo,2007,36684
San Mateo,2007,49230
Santa Barbara,2007,35511
Santa Clara,2007,48131
Santa Cruz,2007,35302
Shasta,2007,32075
Sierra,2007,35181
Siskiyou,2007,28783
Solano,2007,40910
Sonoma,2007,39344
Stanislaus,2007,32200
Sutter,2007,31136
Tehama,2007,28368
Trinity,2007,27882
Tulare,2007,25960
Tuolumne,2007,33026
Unallocated,2007,38111
Ventura,2007,37996
Yolo,2007,36316
Yuba,2007,30566
Alameda,2008,43872
Alpine,2008,36499
Amador,2008,37699
Butte,2008,29783
Calaveras,2008,37473
Colusa,2008,29452
Contra Costa,2008,46615
Del Norte,2008,31185
El Dorado,2008,45330
Fresno,2008,28584
Glenn,2008,29146
Humboldt,2008,29298
Imperial,2008,24035
Inyo,2008,33555
Kern,2008,31294
Kings,2008,29766
Lake,2008,29790
Lassen,2008,40537
Los Angeles,2008,31679
Madera,2008,27818
Marin,2008,51904
Mariposa,2008,31608
Mendocino,2008,28972
Merced,2008,27799
Modoc,2008,28455
Mono,2008,32761
Monterey,2008,31611
Napa,2008,40349
Nevada,2008,36185
Nonresident,2008,62693
Orange,2008,38025
Placer,2008,44439
Plumas,2008,33828
Resident Out of State,2008,27352
Riverside,2008,32316
Sacramento,2008,37243
San Benito,2008,36809
San Bernardino,2008,31726
San Diego,2008,36802
San Francisco,2008,44448
San Joaquin,2008,33922
San Luis Obispo,2008,36547
San Mateo,2008,49647
Santa Barbara,2008,35259
Santa Clara,2008,48479
Santa Cruz,2008,35228
Shasta,2008,32069
Sierra,2008,35321
Siskiyou,2008,29094
Solano,2008,41501
Sonoma,2008,38970
Stanislaus,2008,32630
Sutter,2008,31168
Tehama,2008,28082
Trinity,2008,28012
Tulare,2008,26494
Tuolumne,2008,32414
Unallocated,2008,35902
Ventura,2008,37912
Yolo,2008,37249
Yuba,2008,31341
Alameda,2009,41964
Alpine,2009,39249
Amador,2009,35524
Butte,2009,28508
Calaveras,2009,34421
Colusa,2009,27978
Contra Costa,2009,44497
Del Norte,2009,29962
El Dorado,2009,43180
Fresno,2009,27317
Glenn,2009,27458
Humboldt,2009,28261
Imperial,2009,22841
Inyo,2009,32874
Kern,2009,29721
Kings,2009,28510
Lake,2009,28307
Lassen,2009,39008
Los Angeles,2009,30112
Madera,2009,26157
Marin,2009,48172
Mariposa,2009,29875
Mendocino,2009,27427
Merced,2009,26339
Modoc,2009,27499
Mono,2009,29017
Monterey,2009,29415
Napa,2009,38084
Nevada,2009,33730
Nonresident,2009,59342
Orange,2009,35869
Placer,2009,42414
Plumas,2009,31558
Resident Out of State,2009,25537
Riverside,2009,30482
Sacramento,2009,35954
San Benito,2009,34317
San Bernardino,2009,30440
San Diego,2009,35419
San Francisco,2009,42484
San Joaquin,2009,31937
San Luis Obispo,2009,34921
San Mateo,2009,47754
Santa Barbara,2009,33576
Santa Clara,2009,45814
Santa Cruz,2009,32932
Shasta,2009,30108
Sierra,2009,33408
Siskiyou,2009,27106
Solano,2009,40214
Sonoma,2009,36481
Stanislaus,2009,30711
Sutter,2009,29675
Tehama,2009,26661
Trinity,2009,25322
Tulare,2009,25302
Tuolumne,2009,30909
Unallocated,2009,35208
Ventura,2009,35961
Yolo,2009,36299
Yuba,2009,29332
Alameda,2010,41936
Alpine,2010,37999
Amador,2010,35819
Butte,2010,28709
Calaveras,2010,34171
Colusa,2010,28051
Contra Costa,2010,44492
Del Norte,2010,30033
El Dorado,2010,43180
Fresno,2010,26950
Glenn,2010,27662
Humboldt,2010,28857
Imperial,2010,23018
Inyo,2010,33060
Kern,2010,29232
Kings,2010,28121
Lake,2010,27621
Lassen,2010,39966
Los Angeles,2010,29779
Madera,2010,25692
Marin,2010,49675
Mariposa,2010,30320
Mendocino,2010,27542
Merced,2010,25810
Modoc,2010,26786
Mono,2010,29828
Monterey,2010,28945
Napa,2010,37964
Nevada,2010,34086
Nonresident,2010,61317
Orange,2010,35814
Placer,2010,43073
Plumas,2010,32208
Resident Out of State,2010,25933
Riverside,2010,30055
Sacramento,2010,35426
San Benito,2010,33613
San Bernardino,2010,29938
San Diego,2010,35544
San Francisco,2010,42821
San Joaquin,2010,31131
San Luis Obispo,2010,35155
San Mateo,2010,48189
Santa Barbara,2010,33189
Santa Clara,2010,46365
Santa Cruz,2010,32871
Shasta,2010,30363
Sierra,2010,34899
Siskiyou,2010,27718
Solano,2010,39358
Sonoma,2010,36405
Stanislaus,2010,30519
Sutter,2010,29373
Tehama,2010,26966
Trinity,2010,26448
Tulare,2010,24835
Tuolumne,2010,30783
Unallocated,2010,36227
Ventura,2010,35748
Yolo,2010,36272
Yuba,2010,29190
Alameda,2011,42897
Alpine,2011,41111
Amador,2011,36408
Butte,2011,29613
Calaveras,2011,35457
Colusa,2011,28667
Contra Costa,2011,45446
Del Norte,2011,31166
El Dorado,2011,44224
Fresno,2011,27366
Glenn,2011,28179
Humboldt,2011,29727
Imperial,2011,23345
Inyo,2011,34252
Kern,2011,29860
Kings,2011,28602
Lake,2011,27915
Lassen,2011,40518
Los Angeles,2011,30255
Madera,2011,25939
Marin,2011,52032
Mariposa,2011,31198
Mendocino,2011,27920
Merced,2011,26316
Modoc,2011,28847
Mono,2011,30874
Monterey,2011,29347
Napa,2011,38883
Nevada,2011,35190
Nonresident,2011,64832
Orange,2011,36533
Placer,2011,44466
Plumas,2011,33509
Resident Out of State,2011,27642
Riverside,2011,30565
Sacramento,2011,36062
San Benito,2011,33882
San Bernardino,2011,30246
San Diego,2011,36352
San Francisco,2011,45013
San Joaquin,2011,31568
San Luis Obispo,2011,36539
San Mateo,2011,49741
Santa Barbara,2011,33577
Santa Clara,2011,47992
Santa Cruz,2011,33576
Shasta,2011,31549
Sierra,2011,35157
Siskiyou,2011,28700
Solano,2011,39662
Sonoma,2011,37225
Stanislaus,2011,30907
Sutter,2011,30280
Tehama,2011,27869
Trinity,2011,27226
Tulare,2011,25242
Tuolumne,2011,31445
Unallocated,2011,39940
Ventura,2011,36307
Yolo,2011,37092
Yuba,2011,29728
Alameda,2012,44821
Alpine,2012,35799
Amador,2012,37639
Butte,2012,30673
Calaveras,2012,36672
Colusa,2012,29393
Contra Costa,2012,47140
Del Norte,2012,31660
El Dorado,2012,45735
Fresno,2012,28165
Glenn,2012,29366
Humboldt,2012,30799
Imperial,2012,23880
Inyo,2012,34838
Kern,2012,30838
Kings,2012,29356
Lake,2012,28767
Lassen,2012,40810
Los Angeles,2012,31144
Madera,2012,26947
Marin,2012,54894
Mariposa,2012,31705
Mendocino,2012,29196
Merced,2012,27289
Modoc,2012,29423
Mono,2012,29787
Monterey,2012,30159
Napa,2012,40494
Nevada,2012,35922
Nonresident,2012,70160
Orange,2012,37691
Placer,2012,46379
Plumas,2012,34484
Resident Out of State,2012,29481
Riverside,2012,31519
Sacramento,2012,37051
San Benito,2012,35013
San Bernardino,2012,30939
San Diego,2012,37371
San Francisco,2012,47655
San Joaquin,2012,32505
San Luis Obispo,2012,37910
San Mateo,2012,52025
Santa Barbara,2012,34528
Santa Clara,2012,49921
Santa Cruz,2012,34951
Shasta,2012,32470
Sierra,2012,36624
Siskiyou,2012,29804
Solano,2012,40555
Sonoma,2012,38506
Stanislaus,2012,32077
Sutter,2012,31014
Tehama,2012,28370
Trinity,2012,28287
Tulare,2012,26010
Tuolumne,2012,32319
Unallocated,2012,51249
Ventura,2012,37360
Yolo,2012,38069
Yuba,2012,30906
Alameda,2013,46217
Alpine,2013,35999
Amador,2013,37846
Butte,2013,31630
Calaveras,2013,37833
Colusa,2013,31123
Contra Costa,2013,48219
Del Norte,2013,31242
El Dorado,2013,47590
Fresno,2013,28791
Glenn,2013,30416
Humboldt,2013,31463
Imperial,2013,24058
Inyo,2013,36266
Kern,2013,30938
Kings,2013,29537
Lake,2013,29329
Lassen,2013,40012
Los Angeles,2013,31516
Madera,2013,27755
Marin,2013,57244
Mariposa,2013,32657
Mendocino,2013,29938
Merced,2013,28087
Modoc,2013,29789
Mono,2013,31546
Monterey,2013,31433
Napa,2013,42110
Nevada,2013,36869
Nonresident,2013,69875
Orange,2013,38322
Placer,2013,47961
Plumas,2013,35679
Resident Out of State,2013,31501
Riverside,2013,32188
Sacramento,2013,37495
San Benito,2013,36726
San Bernardino,2013,31134
San Diego,2013,37998
San Francisco,2013,49777
San Joaquin,2013,33249
San Luis Obispo,2013,39170
San Mateo,2013,53972
Santa Barbara,2013,35378
Santa Clara,2013,51937
Santa Cruz,2013,36338
Shasta,2013,33299
Sierra,2013,36891
Siskiyou,2013,30274
Solano,2013,41275
Sonoma,2013,39821
Stanislaus,2013,32627
Sutter,2013,31811
Tehama,2013,29046
Trinity,2013,29192
Tulare,2013,26428
Tuolumne,2013,34191
Unallocated,2013,60270
Ventura,2013,38025
Yolo,2013,39237
Yuba,2013,31545
Alameda,2014,47730
Alpine,2014,38999
Amador,2014,38603
Butte,2014,32036
Calaveras,2014,38499
Colusa,2014,31821
Contra Costa,2014,49178
Del Norte,2014,31017
El Dorado,2014,47956
Fresno,2014,29265
Glenn,2014,31087
Humboldt,2014,31604
Imperial,2014,23969
Inyo,2014,36446
Kern,2014,31347
Kings,2014,30440
Lake,2014,29495
Lassen,2014,40690
Los Angeles,2014,32317
Madera,2014,28037
Marin,2014,59896
Mariposa,2014,33412
Mendocino,2014,30802
Merced,2014,28517
Modoc,2014,31073
Mono,2014,32832
Monterey,2014,32392
Napa,2014,43471
Nevada,2014,38025
Nonresident,2014,71228
Orange,2014,39023
Placer,2014,49171
Plumas,2014,35966
Resident Out of State,2014,34491
Riverside,2014,32612
Sacramento,2014,37925
San Benito,2014,37934
San Bernardino,2014,31569
San Diego,2014,38568
San Francisco,2014,53249
San Joaquin,2014,33964
San Luis Obispo,2014,40402
San Mateo,2014,56123
Santa Barbara,2014,36143
Santa Clara,2014,54166
Santa Cruz,2014,37492
Shasta,2014,33591
Sierra,2014,35963
Siskiyou,2014,31134
Solano,2014,41785
Sonoma,2014,41038
Stanislaus,2014,33020
Sutter,2014,32338
Tehama,2014,29897
Trinity,2014,29389
Tulare,2014,27204
Tuolumne,2014,34511
Unallocated,2014,52328
Ventura,2014,38851
Yolo,2014,39705
Yuba,2014,31976
Alameda,2015,50031
Alpine,2015,40869
Amador,2015,39090
Butte,2015,32261
Calaveras,2015,38936
Colusa,2015,33799
Contra Costa,2015,50667
Del Norte,2015,31817
El Dorado,2015,48826
Fresno,2015,29843
Glenn,2015,31968
Humboldt,2015,31546
Imperial,2015,24921
Inyo,2015,36861
Kern,2015,30942
Kings,2015,30806
Lake,2015,29955
Lassen,2015,40355
Los Angeles,2015,33369
Madera,2015,28850
Marin,2015,63110
Mariposa,2015,34208
Mendocino,2015,31583
Merced,2015,29113
Modoc,2015,30412
Mono,2015,33567
Monterey,2015,33557
Napa,2015,44878
Nevada,2015,38874
Nonresident,2015,71107
Orange,2015,40243
Placer,2015,50396
Plumas,2015,34590
Resident Out of State,2015,37963
Riverside,2015,33375
Sacramento,2015,38606
San Benito,2015,39663
San Bernardino,2015,32194
San Diego,2015,39515
San Francisco,2015,56722
San Joaquin,2015,34684
San Luis Obispo,2015,41851
San Mateo,2015,59192
Santa Barbara,2015,36985
Santa Clara,2015,57281
Santa Cruz,2015,38989
Shasta,2015,33381
Sierra,2015,36675
Siskiyou,2015,30307
Solano,2015,42983
Sonoma,2015,42963
Stanislaus,2015,33465
Sutter,2015,32792
Tehama,2015,30321
Trinity,2015,29368
Tulare,2015,27811
Tuolumne,2015,35305
Unallocated,2015,37541
Ventura,2015,39799
Yolo,2015,40571
Yuba,2015,32059
Alameda,2016,52963
Alpine,2016,35765
Amador,2016,40648
Butte,2016,32904
Calaveras,2016,39343
Colusa,2016,34256
Contra Costa,2016,51996
Del Norte,2016,33172
El Dorado,2016,47741
Fresno,2016,30925
Glenn,2016,32016
Humboldt,2016,32495
Imperial,2016,25486
Inyo,2016,37910
Kern,2016,31326
Kings,2016,32500
Lake,2016,30983
Lassen,2016,42787
Los Angeles,2016,34625
Madera,2016,29289
Marin,2016,64675
Mariposa,2016,35220
Mendocino,2016,32418
Merced,2016,30304
Modoc,2016,30809
Mono,2016,35458
Monterey,2016,35443
Napa,2016,46177
Nevada,2016,39776
Nonresident20,2016,16063
Orange,2016,41557
Placer,2016,53148
Plumas,2016,35751
Resident Out-of-State19,2016,32164
Riverside,2016,34503
Sacramento,2016,39882
San Benito,2016,41573
San Bernardino,2016,33108
San Diego,2016,41013
San Francisco,2016,60573
San Joaquin,2016,35699
San Luis Obispo,2016,42710
San Mateo,2016,60828
Santa Barbara,2016,38257
Santa Clara,2016,60540
Santa Cruz,2016,40650
Shasta,2016,34681
Sierra,2016,36886
Siskiyou,2016,30875
Solano,2016,44414
Sonoma,2016,44236
Stanislaus,2016,34573
Sutter,2016,33599
Tehama,2016,30986
Trinity,2016,30922
Tulare,2016,28878
Tuolumne,2016,36327
Unallocated,2016,28993
Ventura,2016,41312
Yolo,2016,41790
Yuba,2016,32937
Alameda,2017,55146
Alpine,2017,36111
Amador,2017,41646
Butte,2017,33833
Calaveras,2017,40979
Colusa,2017,35431
Contra Costa,2017,53912
Del Norte,2017,33401
El Dorado,2017,49180
Fresno,2017,31325
Glenn,2017,33335
Humboldt,2017,33101
Imperial,2017,25785
Inyo,2017,38200
Kern,2017,31757
Kings,2017,32599
Lake,2017,31725
Lassen,2017,43745
Los Angeles,2017,35750
Madera,2017,30576
Marin,2017,68646
Mariposa,2017,35162
Mendocino,2017,33617
Merced,2017,31078
Modoc,2017,31446
Mono,2017,37292
Monterey,2017,37118
Napa,2017,48513
Nevada,2017,40721
Nonresident,2017,14600
Orange,2017,42902
Placer,2017,54890
Plumas,2017,37791
Resident Out-of-State,2017,34108
Riverside,2017,35336
Sacramento,2017,40803
San Benito,2017,44197
San Bernardino,2017,33761
San Diego,2017,42009
San Francisco,2017,63524
San Joaquin,2017,37102
San Luis Obispo,2017,44523
San Mateo,2017,64139
Santa Barbara,2017,39357
Santa Clara,2017,63682
Santa Cruz,2017,42480
Shasta,2017,35365
Sierra,2017,37583
Siskiyou,2017,31879
Solano,2017,45735
Sonoma,2017,46359
Stanislaus,2017,35396
Sutter,2017,34402
Tehama,2017,31440
Trinity,2017,31154
Tulare,2017,29256
Tuolumne,2017,37437
Unallocated,2017,46640
Ventura,2017,42779
Yolo,2017,42522
Yuba,2017,33537
