County,Year,Median Income
Alameda,2000.0,37580.0
Alpine,2000.0,29333.0
Amador,2000.0,31806.0
Butte,2000.0,24513.0
Calaveras,2000.0,31420.0
Colusa,2000.0,21691.0
Contra Costa,2000.0,42052.0
Del Norte,2000.0,25540.0
El Dorado,2000.0,39104.0
Fresno,2000.0,23638.0
Glenn,2000.0,22389.0
Humboldt,2000.0,24633.0
Imperial,2000.0,19094.0
Inyo,2000.0,27170.0
Kern,2000.0,25794.0
Kings,2000.0,24022.0
Lake,2000.0,24569.0
Lassen,2000.0,33134.0
Los Angeles,2000.0,26478.0
Madera,2000.0,23034.0
Marin,2000.0,46696.0
Mariposa,2000.0,26330.0
Mendocino,2000.0,25368.0
Merced,2000.0,23222.0
Modoc,2000.0,24390.0
Mono,2000.0,26351.0
Monterey,2000.0,28392.0
Napa,2000.0,34496.0
Nevada,2000.0,32079.0
Nonresident,2000.0,57766.0
Orange,2000.0,33515.0
Placer,2000.0,37962.0
Plumas,2000.0,29612.0
Resident Out of State,2000.0,25629.0
Riverside,2000.0,27888.0
Sacramento,2000.0,31939.0
San Benito,2000.0,33718.0
San Bernardino,2000.0,28053.0
San Diego,2000.0,30405.0
San Francisco,2000.0,37458.0
San Joaquin,2000.0,29664.0
San Luis Obispo,2000.0,30163.0
San Mateo,2000.0,44270.0
Santa Barbara,2000.0,29599.0
Santa Clara,2000.0,45214.0
Santa Cruz,2000.0,32194.0
Shasta,2000.0,26590.0
Sierra,2000.0,30105.0
Siskiyou,2000.0,23838.0
Solano,2000.0,35856.0
Sonoma,2000.0,34862.0
Stanislaus,2000.0,27559.0
Sutter,2000.0,25298.0
Tehama,2000.0,23445.0
Trinity,2000.0,24083.0
Tulare,2000.0,21068.0
Tuolumne,2000.0,28425.0
Unallocated,2000.0,20220.0
Ventura,2000.0,33412.0
Yolo,2000.0,29382.0
Yuba,2000.0,23742.0
Alameda,2001.0,38582.0
Alpine,2001.0,31999.0
Amador,2001.0,31931.0
Butte,2001.0,24847.0
Calaveras,2001.0,31780.0
Colusa,2001.0,22591.0
Contra Costa,2001.0,43012.0
Del Norte,2001.0,25687.0
El Dorado,2001.0,39978.0
Fresno,2001.0,24483.0
Glenn,2001.0,23085.0
Humboldt,2001.0,24892.0
Imperial,2001.0,20230.0
Inyo,2001.0,27870.0
Kern,2001.0,26906.0
Kings,2001.0,24795.0
Lake,2001.0,25741.0
Lassen,2001.0,33221.0
Los Angeles,2001.0,26909.0
Madera,2001.0,23876.0
Marin,2001.0,45869.0
Mariposa,2001.0,26236.0
Mendocino,2001.0,25340.0
Merced,2001.0,24159.0
Modoc,2001.0,24927.0
Mono,2001.0,27285.0
Monterey,2001.0,28994.0
Napa,2001.0,35069.0
Nevada,2001.0,32087.0
Nonresident,2001.0,54721.0
Orange,2001.0,34047.0
Placer,2001.0,38719.0
Plumas,2001.0,29717.0
Resident Out of State,2001.0,27581.0
Riverside,2001.0,28804.0
Sacramento,2001.0,33012.0
San Benito,2001.0,34694.0
San Bernardino,2001.0,28836.0
San Diego,2001.0,31267.0
San Francisco,2001.0,37315.0
San Joaquin,2001.0,30711.0
San Luis Obispo,2001.0,30686.0
San Mateo,2001.0,44697.0
Santa Barbara,2001.0,30080.0
Santa Clara,2001.0,45585.0
Santa Cruz,2001.0,32624.0
Shasta,2001.0,27314.0
Sierra,2001.0,31451.0
Siskiyou,2001.0,24068.0
Solano,2001.0,37507.0
Sonoma,2001.0,35322.0
Stanislaus,2001.0,28501.0
Sutter,2001.0,26158.0
Tehama,2001.0,24354.0
Trinity,2001.0,23400.0
Tulare,2001.0,21611.0
Tuolumne,2001.0,28466.0
Unallocated,2001.0,20558.0
Ventura,2001.0,34078.0
Yolo,2001.0,30825.0
Yuba,2001.0,24305.0
Alameda,2002.0,38044.0
Alpine,2002.0,34166.0
Amador,2002.0,32930.0
Butte,2002.0,25332.0
Calaveras,2002.0,32885.0
Colusa,2002.0,23288.0
Contra Costa,2002.0,42762.0
Del Norte,2002.0,26759.0
El Dorado,2002.0,40488.0
Fresno,2002.0,25204.0
Glenn,2002.0,23681.0
Humboldt,2002.0,25356.0
Imperial,2002.0,21164.0
Inyo,2002.0,28329.0
Kern,2002.0,27295.0
Kings,2002.0,25732.0
Lake,2002.0,25651.0
Lassen,2002.0,33499.0
Los Angeles,2002.0,27164.0
Madera,2002.0,24756.0
Marin,2002.0,44399.0
Mariposa,2002.0,27120.0
Mendocino,2002.0,25684.0
Merced,2002.0,24861.0
Modoc,2002.0,25216.0
Mono,2002.0,28242.0
Monterey,2002.0,29429.0
Napa,2002.0,35208.0
Nevada,2002.0,31864.0
Nonresident,2002.0,54467.0
Orange,2002.0,34081.0
Placer,2002.0,39155.0
Plumas,2002.0,29872.0
Resident Out of State,2002.0,28527.0
Riverside,2002.0,29498.0
Sacramento,2002.0,33498.0
San Benito,2002.0,35358.0
San Bernardino,2002.0,29363.0
San Diego,2002.0,31813.0
San Francisco,2002.0,35958.0
San Joaquin,2002.0,30990.0
San Luis Obispo,2002.0,31122.0
San Mateo,2002.0,43477.0
Santa Barbara,2002.0,30463.0
Santa Clara,2002.0,43105.0
Santa Cruz,2002.0,31975.0
Shasta,2002.0,28138.0
Sierra,2002.0,29976.0
Siskiyou,2002.0,24865.0
Solano,2002.0,38120.0
Sonoma,2002.0,35228.0
Stanislaus,2002.0,29121.0
Sutter,2002.0,27349.0
Tehama,2002.0,24973.0
Trinity,2002.0,24425.0
Tulare,2002.0,22584.0
Tuolumne,2002.0,28636.0
Unallocated,2002.0,28038.0
Ventura,2002.0,34614.0
Yolo,2002.0,31787.0
Yuba,2002.0,25173.0
Alameda,2003.0,38411.0
Alpine,2003.0,36124.0
Amador,2003.0,33632.0
Butte,2003.0,26205.0
Calaveras,2003.0,33453.0
Colusa,2003.0,24305.0
Contra Costa,2003.0,42880.0
Del Norte,2003.0,27825.0
El Dorado,2003.0,41609.0
Fresno,2003.0,26021.0
Glenn,2003.0,24523.0
Humboldt,2003.0,26157.0
Imperial,2003.0,21799.0
Inyo,2003.0,29120.0
Kern,2003.0,27729.0
Kings,2003.0,25839.0
Lake,2003.0,26702.0
Lassen,2003.0,34615.0
Los Angeles,2003.0,27746.0
Madera,2003.0,25718.0
Marin,2003.0,44797.0
Mariposa,2003.0,27984.0
Mendocino,2003.0,26005.0
Merced,2003.0,25636.0
Modoc,2003.0,25749.0
Mono,2003.0,28556.0
Monterey,2003.0,29789.0
Napa,2003.0,35472.0
Nevada,2003.0,32682.0
Nonresident,2003.0,54532.0
Orange,2003.0,34632.0
Placer,2003.0,40015.0
Plumas,2003.0,30306.0
Resident Out of State,2003.0,30370.0
Riverside,2003.0,30227.0
Sacramento,2003.0,34087.0
San Benito,2003.0,35059.0
San Bernardino,2003.0,29829.0
San Diego,2003.0,32410.0
San Francisco,2003.0,36354.0
San Joaquin,2003.0,31804.0
San Luis Obispo,2003.0,31831.0
San Mateo,2003.0,43369.0
Santa Barbara,2003.0,31311.0
Santa Clara,2003.0,42642.0
Santa Cruz,2003.0,32002.0
Shasta,2003.0,28984.0
Sierra,2003.0,30309.0
Siskiyou,2003.0,25456.0
Solano,2003.0,38436.0
Sonoma,2003.0,35346.0
Stanislaus,2003.0,29987.0
Sutter,2003.0,28203.0
Tehama,2003.0,25978.0
Trinity,2003.0,25046.0
Tulare,2003.0,23373.0
Tuolumne,2003.0,29122.0
Unallocated,2003.0,31649.0
Ventura,2003.0,35370.0
Yolo,2003.0,32806.0
Yuba,2003.0,26505.0
Alameda,2004.0,39779.0
Alpine,2004.0,40322.0
Amador,2004.0,34734.0
Butte,2004.0,27087.0
Calaveras,2004.0,35025.0
Colusa,2004.0,25403.0
Contra Costa,2004.0,43639.0
Del Norte,2004.0,28346.0
El Dorado,2004.0,42819.0
Fresno,2004.0,26540.0
Glenn,2004.0,25863.0
Humboldt,2004.0,26766.0
Imperial,2004.0,22308.0
Inyo,2004.0,29751.0
Kern,2004.0,28426.0
Kings,2004.0,26258.0
Lake,2004.0,27826.0
Lassen,2004.0,35965.0
Los Angeles,2004.0,28686.0
Madera,2004.0,26688.0
Marin,2004.0,46699.0
Mariposa,2004.0,28781.0
Mendocino,2004.0,26574.0
Merced,2004.0,26407.0
Modoc,2004.0,25939.0
Mono,2004.0,29877.0
Monterey,2004.0,30503.0
Napa,2004.0,36429.0
Nevada,2004.0,34284.0
Nonresident,2004.0,56182.0
Orange,2004.0,35787.0
Placer,2004.0,41301.0
Plumas,2004.0,31353.0
Resident Out of State,2004.0,29932.0
Riverside,2004.0,31256.0
Sacramento,2004.0,34772.0
San Benito,2004.0,35729.0
San Bernardino,2004.0,30653.0
San Diego,2004.0,33485.0
San Francisco,2004.0,37514.0
San Joaquin,2004.0,32861.0
San Luis Obispo,2004.0,33014.0
San Mateo,2004.0,44847.0
Santa Barbara,2004.0,32265.0
Santa Clara,2004.0,44152.0
Santa Cruz,2004.0,32946.0
Shasta,2004.0,29719.0
Sierra,2004.0,32732.0
Siskiyou,2004.0,25958.0
Solano,2004.0,39205.0
Sonoma,2004.0,36099.0
Stanislaus,2004.0,30983.0
Sutter,2004.0,29369.0
Tehama,2004.0,26915.0
Trinity,2004.0,25860.0
Tulare,2004.0,24048.0
Tuolumne,2004.0,30440.0
Unallocated,2004.0,26957.0
Ventura,2004.0,36249.0
Yolo,2004.0,33426.0
Yuba,2004.0,27268.0
Alameda,2005.0,40613.0
Alpine,2005.0,42173.0
Amador,2005.0,36796.0
Butte,2005.0,28025.0
Calaveras,2005.0,36424.0
Colusa,2005.0,26188.0
Contra Costa,2005.0,44312.0
Del Norte,2005.0,28806.0
El Dorado,2005.0,43935.0
Fresno,2005.0,27242.0
Glenn,2005.0,27157.0
Humboldt,2005.0,27348.0
Imperial,2005.0,22962.0
Inyo,2005.0,31544.0
Kern,2005.0,29091.0
Kings,2005.0,27416.0
Lake,2005.0,28826.0
Lassen,2005.0,37519.0
Los Angeles,2005.0,29551.0
Madera,2005.0,27738.0
Marin,2005.0,48854.0
Mariposa,2005.0,29521.0
Mendocino,2005.0,27471.0
Merced,2005.0,26988.0
Modoc,2005.0,26434.0
Mono,2005.0,31031.0
Monterey,2005.0,31069.0
Napa,2005.0,37528.0
Nevada,2005.0,35827.0
Nonresident,2005.0,58612.0
Orange,2005.0,36787.0
Placer,2005.0,42632.0
Plumas,2005.0,33871.0
Resident Out of State,2005.0,31282.0
Riverside,2005.0,31889.0
Sacramento,2005.0,35402.0
San Benito,2005.0,36380.0
San Bernardino,2005.0,31026.0
San Diego,2005.0,34500.0
San Francisco,2005.0,39187.0
San Joaquin,2005.0,33428.0
San Luis Obispo,2005.0,34217.0
San Mateo,2005.0,45992.0
Santa Barbara,2005.0,33186.0
Santa Clara,2005.0,45239.0
Santa Cruz,2005.0,33776.0
Shasta,2005.0,31020.0
Sierra,2005.0,32842.0
Siskiyou,2005.0,26609.0
Solano,2005.0,39530.0
Sonoma,2005.0,37345.0
Stanislaus,2005.0,31864.0
Sutter,2005.0,30258.0
Tehama,2005.0,27517.0
Trinity,2005.0,26480.0
Tulare,2005.0,24774.0
Tuolumne,2005.0,31745.0
Unallocated,2005.0,27853.0
Ventura,2005.0,36901.0
Yolo,2005.0,34331.0
Yuba,2005.0,29843.0
Alameda,2006.0,42360.0
Alpine,2006.0,43124.0
Amador,2006.0,37945.0
Butte,2006.0,29298.0
Calaveras,2006.0,37996.0
Colusa,2006.0,26928.0
Contra Costa,2006.0,45748.0
Del Norte,2006.0,30631.0
El Dorado,2006.0,45487.0
Fresno,2006.0,28035.0
Glenn,2006.0,27789.0
Humboldt,2006.0,28736.0
Imperial,2006.0,23557.0
Inyo,2006.0,33103.0
Kern,2006.0,30207.0
Kings,2006.0,28417.0
Lake,2006.0,30071.0
Lassen,2006.0,39066.0
Los Angeles,2006.0,30822.0
Madera,2006.0,28385.0
Marin,2006.0,51720.0
Mariposa,2006.0,31368.0
Mendocino,2006.0,28680.0
Merced,2006.0,26984.0
Modoc,2006.0,27418.0
Mono,2006.0,33673.0
Monterey,2006.0,31747.0
Napa,2006.0,39151.0
Nevada,2006.0,37468.0
Nonresident,2006.0,62209.0
Orange,2006.0,38150.0
Placer,2006.0,44034.0
Plumas,2006.0,34789.0
Resident Out of State,2006.0,29712.0
Riverside,2006.0,32748.0
Sacramento,2006.0,36306.0
San Benito,2006.0,36987.0
San Bernardino,2006.0,31778.0
San Diego,2006.0,36081.0
San Francisco,2006.0,41801.0
San Joaquin,2006.0,33825.0
San Luis Obispo,2006.0,35963.0
San Mateo,2006.0,48117.0
Santa Barbara,2006.0,34764.0
Santa Clara,2006.0,47283.0
Santa Cruz,2006.0,35062.0
Shasta,2006.0,32182.0
Sierra,2006.0,35408.0
Siskiyou,2006.0,28202.0
Solano,2006.0,40641.0
Sonoma,2006.0,38714.0
Stanislaus,2006.0,32185.0
Sutter,2006.0,31013.0
Tehama,2006.0,28417.0
Trinity,2006.0,28214.0
Tulare,2006.0,25528.0
Tuolumne,2006.0,33040.0
Unallocated,2006.0,31384.0
Ventura,2006.0,38200.0
Yolo,2006.0,35808.0
Yuba,2006.0,30240.0
Alameda,2007.0,43220.0
Alpine,2007.0,41249.0
Amador,2007.0,38080.0
Butte,2007.0,29710.0
Calaveras,2007.0,38038.0
Colusa,2007.0,27953.0
Contra Costa,2007.0,46375.0
Del Norte,2007.0,30137.0
El Dorado,2007.0,45523.0
Fresno,2007.0,28180.0
Glenn,2007.0,28839.0
Humboldt,2007.0,29312.0
Imperial,2007.0,23851.0
Inyo,2007.0,33690.0
Kern,2007.0,30438.0
Kings,2007.0,28963.0
Lake,2007.0,29855.0
Lassen,2007.0,39117.0
Los Angeles,2007.0,31187.0
Madera,2007.0,27968.0
Marin,2007.0,53673.0
Mariposa,2007.0,31357.0
Mendocino,2007.0,28786.0
Merced,2007.0,27420.0
Modoc,2007.0,28083.0
Mono,2007.0,32591.0
Monterey,2007.0,31840.0
Napa,2007.0,40296.0
Nevada,2007.0,37504.0
Nonresident,2007.0,64404.0
Orange,2007.0,38152.0
Placer,2007.0,44604.0
Plumas,2007.0,34986.0
Resident Out of State,2007.0,28296.0
Riverside,2007.0,32241.0
Sacramento,2007.0,36623.0
San Benito,2007.0,36813.0
San Bernardino,2007.0,31380.0
San Diego,2007.0,36441.0
San Francisco,2007.0,43757.0
San Joaquin,2007.0,33572.0
San Luis Obispo,2007.0,36684.0
San Mateo,2007.0,49230.0
Santa Barbara,2007.0,35511.0
Santa Clara,2007.0,48131.0
Santa Cruz,2007.0,35302.0
Shasta,2007.0,32075.0
Sierra,2007.0,35181.0
Siskiyou,2007.0,28783.0
Solano,2007.0,40910.0
Sonoma,2007.0,39344.0
Stanislaus,2007.0,32200.0
Sutter,2007.0,31136.0
Tehama,2007.0,28368.0
Trinity,2007.0,27882.0
Tulare,2007.0,25960.0
Tuolumne,2007.0,33026.0
Unallocated,2007.0,38111.0
Ventura,2007.0,37996.0
Yolo,2007.0,36316.0
Yuba,2007.0,30566.0
Alameda,2008.0,43872.0
Alpine,2008.0,36499.0
Amador,2008.0,37699.0
Butte,2008.0,29783.0
Calaveras,2008.0,37473.0
Colusa,2008.0,29452.0
Contra Costa,2008.0,46615.0
Del Norte,2008.0,31185.0
El Dorado,2008.0,45330.0
Fresno,2008.0,28584.0
Glenn,2008.0,29146.0
Humboldt,2008.0,29298.0
Imperial,2008.0,24035.0
Inyo,2008.0,33555.0
Kern,2008.0,31294.0
Kings,2008.0,29766.0
Lake,2008.0,29790.0
Lassen,2008.0,40537.0
Los Angeles,2008.0,31679.0
Madera,2008.0,27818.0
Marin,2008.0,51904.0
Mariposa,2008.0,31608.0
Mendocino,2008.0,28972.0
Merced,2008.0,27799.0
Modoc,2008.0,28455.0
Mono,2008.0,32761.0
Monterey,2008.0,31611.0
Napa,2008.0,40349.0
Nevada,2008.0,36185.0
Nonresident,2008.0,62693.0
Orange,2008.0,38025.0
Placer,2008.0,44439.0
Plumas,2008.0,33828.0
Resident Out of State,2008.0,27352.0
Riverside,2008.0,32316.0
Sacramento,2008.0,37243.0
San Benito,2008.0,36809.0
San Bernardino,2008.0,31726.0
San Diego,2008.0,36802.0
San Francisco,2008.0,44448.0
San Joaquin,2008.0,33922.0
San Luis Obispo,2008.0,36547.0
San Mateo,2008.0,49647.0
Santa Barbara,2008.0,35259.0
Santa Clara,2008.0,48479.0
Santa Cruz,2008.0,35228.0
Shasta,2008.0,32069.0
Sierra,2008.0,35321.0
Siskiyou,2008.0,29094.0
Solano,2008.0,41501.0
Sonoma,2008.0,38970.0
Stanislaus,2008.0,32630.0
Sutter,2008.0,31168.0
Tehama,2008.0,28082.0
Trinity,2008.0,28012.0
Tulare,2008.0,26494.0
Tuolumne,2008.0,32414.0
Unallocated,2008.0,35902.0
Ventura,2008.0,37912.0
Yolo,2008.0,37249.0
Yuba,2008.0,31341.0
Alameda,2009.0,41964.0
Alpine,2009.0,39249.0
Amador,2009.0,35524.0
Butte,2009.0,28508.0
Calaveras,2009.0,34421.0
Colusa,2009.0,27978.0
Contra Costa,2009.0,44497.0
Del Norte,2009.0,29962.0
El Dorado,2009.0,43180.0
Fresno,2009.0,27317.0
Glenn,2009.0,27458.0
Humboldt,2009.0,28261.0
Imperial,2009.0,22841.0
Inyo,2009.0,32874.0
Kern,2009.0,29721.0
Kings,2009.0,28510.0
Lake,2009.0,28307.0
Lassen,2009.0,39008.0
Los Angeles,2009.0,30112.0
Madera,2009.0,26157.0
Marin,2009.0,48172.0
Mariposa,2009.0,29875.0
Mendocino,2009.0,27427.0
Merced,2009.0,26339.0
Modoc,2009.0,27499.0
Mono,2009.0,29017.0
Monterey,2009.0,29415.0
Napa,2009.0,38084.0
Nevada,2009.0,33730.0
Nonresident,2009.0,59342.0
Orange,2009.0,35869.0
Placer,2009.0,42414.0
Plumas,2009.0,31558.0
Resident Out of State,2009.0,25537.0
Riverside,2009.0,30482.0
Sacramento,2009.0,35954.0
San Benito,2009.0,34317.0
San Bernardino,2009.0,30440.0
San Diego,2009.0,35419.0
San Francisco,2009.0,42484.0
San Joaquin,2009.0,31937.0
San Luis Obispo,2009.0,34921.0
San Mateo,2009.0,47754.0
Santa Barbara,2009.0,33576.0
Santa Clara,2009.0,45814.0
Santa Cruz,2009.0,32932.0
Shasta,2009.0,30108.0
Sierra,2009.0,33408.0
Siskiyou,2009.0,27106.0
Solano,2009.0,40214.0
Sonoma,2009.0,36481.0
Stanislaus,2009.0,30711.0
Sutter,2009.0,29675.0
Tehama,2009.0,26661.0
Trinity,2009.0,25322.0
Tulare,2009.0,25302.0
Tuolumne,2009.0,30909.0
Unallocated,2009.0,35208.0
Ventura,2009.0,35961.0
Yolo,2009.0,36299.0
Yuba,2009.0,29332.0
Alameda,2010.0,41936.0
Alpine,2010.0,37999.0
Amador,2010.0,35819.0
Butte,2010.0,28709.0
Calaveras,2010.0,34171.0
Colusa,2010.0,28051.0
Contra Costa,2010.0,44492.0
Del Norte,2010.0,30033.0
El Dorado,2010.0,43180.0
Fresno,2010.0,26950.0
Glenn,2010.0,27662.0
Humboldt,2010.0,28857.0
Imperial,2010.0,23018.0
Inyo,2010.0,33060.0
Kern,2010.0,29232.0
Kings,2010.0,28121.0
Lake,2010.0,27621.0
Lassen,2010.0,39966.0
Los Angeles,2010.0,29779.0
Madera,2010.0,25692.0
Marin,2010.0,49675.0
Mariposa,2010.0,30320.0
Mendocino,2010.0,27542.0
Merced,2010.0,25810.0
Modoc,2010.0,26786.0
Mono,2010.0,29828.0
Monterey,2010.0,28945.0
Napa,2010.0,37964.0
Nevada,2010.0,34086.0
Nonresident,2010.0,61317.0
Orange,2010.0,35814.0
Placer,2010.0,43073.0
Plumas,2010.0,32208.0
Resident Out of State,2010.0,25933.0
Riverside,2010.0,30055.0
Sacramento,2010.0,35426.0
San Benito,2010.0,33613.0
San Bernardino,2010.0,29938.0
San Diego,2010.0,35544.0
San Francisco,2010.0,42821.0
San Joaquin,2010.0,31131.0
San Luis Obispo,2010.0,35155.0
San Mateo,2010.0,48189.0
Santa Barbara,2010.0,33189.0
Santa Clara,2010.0,46365.0
Santa Cruz,2010.0,32871.0
Shasta,2010.0,30363.0
Sierra,2010.0,34899.0
Siskiyou,2010.0,27718.0
Solano,2010.0,39358.0
Sonoma,2010.0,36405.0
Stanislaus,2010.0,30519.0
Sutter,2010.0,29373.0
Tehama,2010.0,26966.0
Trinity,2010.0,26448.0
Tulare,2010.0,24835.0
Tuolumne,2010.0,30783.0
Unallocated,2010.0,36227.0
Ventura,2010.0,35748.0
Yolo,2010.0,36272.0
Yuba,2010.0,29190.0
Alameda,2011.0,42897.0
Alpine,2011.0,41111.0
Amador,2011.0,36408.0
Butte,2011.0,29613.0
Calaveras,2011.0,35457.0
Colusa,2011.0,28667.0
Contra Costa,2011.0,45446.0
Del Norte,2011.0,31166.0
El Dorado,2011.0,44224.0
Fresno,2011.0,27366.0
Glenn,2011.0,28179.0
Humboldt,2011.0,29727.0
Imperial,2011.0,23345.0
Inyo,2011.0,34252.0
Kern,2011.0,29860.0
Kings,2011.0,28602.0
Lake,2011.0,27915.0
Lassen,2011.0,40518.0
Los Angeles,2011.0,30255.0
Madera,2011.0,25939.0
Marin,2011.0,52032.0
Mariposa,2011.0,31198.0
Mendocino,2011.0,27920.0
Merced,2011.0,26316.0
Modoc,2011.0,28847.0
Mono,2011.0,30874.0
Monterey,2011.0,29347.0
Napa,2011.0,38883.0
Nevada,2011.0,35190.0
Nonresident,2011.0,64832.0
Orange,2011.0,36533.0
Placer,2011.0,44466.0
Plumas,2011.0,33509.0
Resident Out of State,2011.0,27642.0
Riverside,2011.0,30565.0
Sacramento,2011.0,36062.0
San Benito,2011.0,33882.0
San Bernardino,2011.0,30246.0
San Diego,2011.0,36352.0
San Francisco,2011.0,45013.0
San Joaquin,2011.0,31568.0
San Luis Obispo,2011.0,36539.0
San Mateo,2011.0,49741.0
Santa Barbara,2011.0,33577.0
Santa Clara,2011.0,47992.0
Santa Cruz,2011.0,33576.0
Shasta,2011.0,31549.0
Sierra,2011.0,35157.0
Siskiyou,2011.0,28700.0
Solano,2011.0,39662.0
Sonoma,2011.0,37225.0
Stanislaus,2011.0,30907.0
Sutter,2011.0,30280.0
Tehama,2011.0,27869.0
Trinity,2011.0,27226.0
Tulare,2011.0,25242.0
Tuolumne,2011.0,31445.0
Unallocated,2011.0,39940.0
Ventura,2011.0,36307.0
Yolo,2011.0,37092.0
Yuba,2011.0,29728.0
Alameda,2012.0,44821.0
Alpine,2012.0,35799.0
Amador,2012.0,37639.0
Butte,2012.0,30673.0
Calaveras,2012.0,36672.0
Colusa,2012.0,29393.0
Contra Costa,2012.0,47140.0
Del Norte,2012.0,31660.0
El Dorado,2012.0,45735.0
Fresno,2012.0,28165.0
Glenn,2012.0,29366.0
Humboldt,2012.0,30799.0
Imperial,2012.0,23880.0
Inyo,2012.0,34838.0
Kern,2012.0,30838.0
Kings,2012.0,29356.0
Lake,2012.0,28767.0
Lassen,2012.0,40810.0
Los Angeles,2012.0,31144.0
Madera,2012.0,26947.0
Marin,2012.0,54894.0
Mariposa,2012.0,31705.0
Mendocino,2012.0,29196.0
Merced,2012.0,27289.0
Modoc,2012.0,29423.0
Mono,2012.0,29787.0
Monterey,2012.0,30159.0
Napa,2012.0,40494.0
Nevada,2012.0,35922.0
Nonresident,2012.0,70160.0
Orange,2012.0,37691.0
Placer,2012.0,46379.0
Plumas,2012.0,34484.0
Resident Out of State,2012.0,29481.0
Riverside,2012.0,31519.0
Sacramento,2012.0,37051.0
San Benito,2012.0,35013.0
San Bernardino,2012.0,30939.0
San Diego,2012.0,37371.0
San Francisco,2012.0,47655.0
San Joaquin,2012.0,32505.0
San Luis Obispo,2012.0,37910.0
San Mateo,2012.0,52025.0
Santa Barbara,2012.0,34528.0
Santa Clara,2012.0,49921.0
Santa Cruz,2012.0,34951.0
Shasta,2012.0,32470.0
Sierra,2012.0,36624.0
Siskiyou,2012.0,29804.0
Solano,2012.0,40555.0
Sonoma,2012.0,38506.0
Stanislaus,2012.0,32077.0
Sutter,2012.0,31014.0
Tehama,2012.0,28370.0
Trinity,2012.0,28287.0
Tulare,2012.0,26010.0
Tuolumne,2012.0,32319.0
Unallocated,2012.0,51249.0
Ventura,2012.0,37360.0
Yolo,2012.0,38069.0
Yuba,2012.0,30906.0
Alameda,2013.0,46217.0
Alpine,2013.0,35999.0
Amador,2013.0,37846.0
Butte,2013.0,31630.0
Calaveras,2013.0,37833.0
Colusa,2013.0,31123.0
Contra Costa,2013.0,48219.0
Del Norte,2013.0,31242.0
El Dorado,2013.0,47590.0
Fresno,2013.0,28791.0
Glenn,2013.0,30416.0
Humboldt,2013.0,31463.0
Imperial,2013.0,24058.0
Inyo,2013.0,36266.0
Kern,2013.0,30938.0
Kings,2013.0,29537.0
Lake,2013.0,29329.0
Lassen,2013.0,40012.0
Los Angeles,2013.0,31516.0
Madera,2013.0,27755.0
Marin,2013.0,57244.0
Mariposa,2013.0,32657.0
Mendocino,2013.0,29938.0
Merced,2013.0,28087.0
Modoc,2013.0,29789.0
Mono,2013.0,31546.0
Monterey,2013.0,31433.0
Napa,2013.0,42110.0
Nevada,2013.0,36869.0
Nonresident,2013.0,69875.0
Orange,2013.0,38322.0
Placer,2013.0,47961.0
Plumas,2013.0,35679.0
Resident Out of State,2013.0,31501.0
Riverside,2013.0,32188.0
Sacramento,2013.0,37495.0
San Benito,2013.0,36726.0
San Bernardino,2013.0,31134.0
San Diego,2013.0,37998.0
San Francisco,2013.0,49777.0
San Joaquin,2013.0,33249.0
San Luis Obispo,2013.0,39170.0
San Mateo,2013.0,53972.0
Santa Barbara,2013.0,35378.0
Santa Clara,2013.0,51937.0
Santa Cruz,2013.0,36338.0
Shasta,2013.0,33299.0
Sierra,2013.0,36891.0
Siskiyou,2013.0,30274.0
Solano,2013.0,41275.0
Sonoma,2013.0,39821.0
Stanislaus,2013.0,32627.0
Sutter,2013.0,31811.0
Tehama,2013.0,29046.0
Trinity,2013.0,29192.0
Tulare,2013.0,26428.0
Tuolumne,2013.0,34191.0
Unallocated,2013.0,60270.0
Ventura,2013.0,38025.0
Yolo,2013.0,39237.0
Yuba,2013.0,31545.0
Alameda,2014.0,47730.0
Alpine,2014.0,38999.0
Amador,2014.0,38603.0
Butte,2014.0,32036.0
Calaveras,2014.0,38499.0
Colusa,2014.0,31821.0
Contra Costa,2014.0,49178.0
Del Norte,2014.0,31017.0
El Dorado,2014.0,47956.0
Fresno,2014.0,29265.0
Glenn,2014.0,31087.0
Humboldt,2014.0,31604.0
Imperial,2014.0,23969.0
Inyo,2014.0,36446.0
Kern,2014.0,31347.0
Kings,2014.0,30440.0
Lake,2014.0,29495.0
Lassen,2014.0,40690.0
Los Angeles,2014.0,32317.0
Madera,2014.0,28037.0
Marin,2014.0,59896.0
Mariposa,2014.0,33412.0
Mendocino,2014.0,30802.0
Merced,2014.0,28517.0
Modoc,2014.0,31073.0
Mono,2014.0,32832.0
Monterey,2014.0,32392.0
Napa,2014.0,43471.0
Nevada,2014.0,38025.0
Nonresident,2014.0,71228.0
Orange,2014.0,39023.0
Placer,2014.0,49171.0
Plumas,2014.0,35966.0
Resident Out of State,2014.0,34491.0
Riverside,2014.0,32612.0
Sacramento,2014.0,37925.0
San Benito,2014.0,37934.0
San Bernardino,2014.0,31569.0
San Diego,2014.0,38568.0
San Francisco,2014.0,53249.0
San Joaquin,2014.0,33964.0
San Luis Obispo,2014.0,40402.0
San Mateo,2014.0,56123.0
Santa Barbara,2014.0,36143.0
Santa Clara,2014.0,54166.0
Santa Cruz,2014.0,37492.0
Shasta,2014.0,33591.0
Sierra,2014.0,35963.0
Siskiyou,2014.0,31134.0
Solano,2014.0,41785.0
Sonoma,2014.0,41038.0
Stanislaus,2014.0,33020.0
Sutter,2014.0,32338.0
Tehama,2014.0,29897.0
Trinity,2014.0,29389.0
Tulare,2014.0,27204.0
Tuolumne,2014.0,34511.0
Unallocated,2014.0,52328.0
Ventura,2014.0,38851.0
Yolo,2014.0,39705.0
Yuba,2014.0,31976.0
Alameda,2015.0,50031.0
Alpine,2015.0,40869.0
Amador,2015.0,39090.0
Butte,2015.0,32261.0
Calaveras,2015.0,38936.0
Colusa,2015.0,33799.0
Contra Costa,2015.0,50667.0
Del Norte,2015.0,31817.0
El Dorado,2015.0,48826.0
Fresno,2015.0,29843.0
Glenn,2015.0,31968.0
Humboldt,2015.0,31546.0
Imperial,2015.0,24921.0
Inyo,2015.0,36861.0
Kern,2015.0,30942.0
Kings,2015.0,30806.0
Lake,2015.0,29955.0
Lassen,2015.0,40355.0
Los Angeles,2015.0,33369.0
Madera,2015.0,28850.0
Marin,2015.0,63110.0
Mariposa,2015.0,34208.0
Mendocino,2015.0,31583.0
Merced,2015.0,29113.0
Modoc,2015.0,30412.0
Mono,2015.0,33567.0
Monterey,2015.0,33557.0
Napa,2015.0,44878.0
Nevada,2015.0,38874.0
Nonresident,2015.0,71107.0
Orange,2015.0,40243.0
Placer,2015.0,50396.0
Plumas,2015.0,34590.0
Resident Out of State,2015.0,37963.0
Riverside,2015.0,33375.0
Sacramento,2015.0,38606.0
San Benito,2015.0,39663.0
San Bernardino,2015.0,32194.0
San Diego,2015.0,39515.0
San Francisco,2015.0,56722.0
San Joaquin,2015.0,34684.0
San Luis Obispo,2015.0,41851.0
San Mateo,2015.0,59192.0
Santa Barbara,2015.0,36985.0
Santa Clara,2015.0,57281.0
Santa Cruz,2015.0,38989.0
Shasta,2015.0,33381.0
Sierra,2015.0,36675.0
Siskiyou,2015.0,30307.0
Solano,2015.0,42983.0
Sonoma,2015.0,42963.0
Stanislaus,2015.0,33465.0
Sutter,2015.0,32792.0
Tehama,2015.0,30321.0
Trinity,2015.0,29368.0
Tulare,2015.0,27811.0
Tuolumne,2015.0,35305.0
Unallocated,2015.0,37541.0
Ventura,2015.0,39799.0
Yolo,2015.0,40571.0
Yuba,2015.0,32059.0
Alameda,2016.0,52963.0
Alpine,2016.0,35765.0
Amador,2016.0,40648.0
Butte,2016.0,32904.0
Calaveras,2016.0,39343.0
Colusa,2016.0,34256.0
Contra Costa,2016.0,51996.0
Del Norte,2016.0,33172.0
El Dorado,2016.0,47741.0
Fresno,2016.0,30925.0
Glenn,2016.0,32016.0
Humboldt,2016.0,32495.0
Imperial,2016.0,25486.0
Inyo,2016.0,37910.0
Kern,2016.0,31326.0
Kings,2016.0,32500.0
Lake,2016.0,30983.0
Lassen,2016.0,42787.0
Los Angeles,2016.0,34625.0
Madera,2016.0,29289.0
Marin,2016.0,64675.0
Mariposa,2016.0,35220.0
Mendocino,2016.0,32418.0
Merced,2016.0,30304.0
Modoc,2016.0,30809.0
Mono,2016.0,35458.0
Monterey,2016.0,35443.0
Napa,2016.0,46177.0
Nevada,2016.0,39776.0
Nonresident20,2016.0,16063.0
Orange,2016.0,41557.0
Placer,2016.0,53148.0
Plumas,2016.0,35751.0
Resident Out-of-State19,2016.0,32164.0
Riverside,2016.0,34503.0
Sacramento,2016.0,39882.0
San Benito,2016.0,41573.0
San Bernardino,2016.0,33108.0
San Diego,2016.0,41013.0
San Francisco,2016.0,60573.0
San Joaquin,2016.0,35699.0
San Luis Obispo,2016.0,42710.0
San Mateo,2016.0,60828.0
Santa Barbara,2016.0,38257.0
Santa Clara,2016.0,60540.0
Santa Cruz,2016.0,40650.0
Shasta,2016.0,34681.0
Sierra,2016.0,36886.0
Siskiyou,2016.0,30875.0
Solano,2016.0,44414.0
Sonoma,2016.0,44236.0
Stanislaus,2016.0,34573.0
Sutter,2016.0,33599.0
Tehama,2016.0,30986.0
Trinity,2016.0,30922.0
Tulare,2016.0,28878.0
Tuolumne,2016.0,36327.0
Unallocated,2016.0,28993.0
Ventura,2016.0,41312.0
Yolo,2016.0,41790.0
Yuba,2016.0,32937.0
Alameda,2017.0,55146.0
Alpine,2017.0,36111.0
Amador,2017.0,41646.0
Butte,2017.0,33833.0
Calaveras,2017.0,40979.0
Colusa,2017.0,35431.0
Contra Costa,2017.0,53912.0
Del Norte,2017.0,33401.0
El Dorado,2017.0,49180.0
Fresno,2017.0,31325.0
Glenn,2017.0,33335.0
Humboldt,2017.0,33101.0
Imperial,2017.0,25785.0
Inyo,2017.0,38200.0
Kern,2017.0,31757.0
Kings,2017.0,32599.0
Lake,2017.0,31725.0
Lassen,2017.0,43745.0
Los Angeles,2017.0,35750.0
Madera,2017.0,30576.0
Marin,2017.0,68646.0
Mariposa,2017.0,35162.0
Mendocino,2017.0,33617.0
Merced,2017.0,31078.0
Modoc,2017.0,31446.0
Mono,2017.0,37292.0
Monterey,2017.0,37118.0
Napa,2017.0,48513.0
Nevada,2017.0,40721.0
Nonresident,2017.0,14600.0
Orange,2017.0,42902.0
Placer,2017.0,54890.0
Plumas,2017.0,37791.0
Resident Out-of-State,2017.0,34108.0
Riverside,2017.0,35336.0
Sacramento,2017.0,40803.0
San Benito,2017.0,44197.0
San Bernardino,2017.0,33761.0
San Diego,2017.0,42009.0
San Francisco,2017.0,63524.0
San Joaquin,2017.0,37102.0
San Luis Obispo,2017.0,44523.0
San Mateo,2017.0,64139.0
Santa Barbara,2017.0,39357.0
Santa Clara,2017.0,63682.0
Santa Cruz,2017.0,42480.0
Shasta,2017.0,35365.0
Sierra,2017.0,37583.0
Siskiyou,2017.0,31879.0
Solano,2017.0,45735.0
Sonoma,2017.0,46359.0
Stanislaus,2017.0,35396.0
Sutter,2017.0,34402.0
Tehama,2017.0,31440.0
Trinity,2017.0,31154.0
Tulare,2017.0,29256.0
Tuolumne,2017.0,37437.0
Unallocated,2017.0,46640.0
Ventura,2017.0,42779.0
Yolo,2017.0,42522.0
Yuba,2017.0,33537.0
Alameda,2018.0,92574.0
Alpine,2018.0,64688.0
Amador,2018.0,61198.0
Butte,2018.0,48443.0
Calaveras,2018.0,58151.0
Colusa,2018.0,56704.0
Contra Costa,2018.0,93712.0
Del Norte,2018.0,45258.0
El Dorado,2018.0,80582.0
Fresno,2018.0,51261.0
Glenn,2018.0,47395.0
Humboldt,2018.0,45528.0
Imperial,2018.0,45834.0
Inyo,2018.0,52874.0
Kern,2018.0,52479.0
Kings,2018.0,53865.0
Lake,2018.0,42475.0
Lassen,2018.0,56362.0
Los Angeles,2018.0,64251.0
Madera,2018.0,52884.0
Marin,2018.0,110217.0
Mariposa,2018.0,51199.0
Mendocino,2018.0,49233.0
Merced,2018.0,50129.0
Modoc,2018.0,45149.0
Mono,2018.0,63018.0
Monterey,2018.0,66676.0
Napa,2018.0,84753.0
Nevada,2018.0,63240.0
Orange,2018.0,85398.0
Placer,2018.0,84357.0
Plumas,2018.0,53270.0
Riverside,2018.0,63948.0
Sacramento,2018.0,63902.0
San Benito,2018.0,81977.0
San Bernardino,2018.0,60164.0
San Diego,2018.0,74855.0
San Francisco,2018.0,104552.0
San Joaquin,2018.0,61145.0
San Luis Obispo,2018.0,70699.0
San Mateo,2018.0,113776.0
Santa Barbara,2018.0,71657.0
Santa Clara,2018.0,116178.0
Santa Cruz,2018.0,78041.0
Shasta,2018.0,50905.0
Sierra,2018.0,48125.0
Siskiyou,2018.0,44200.0
Solano,2018.0,77609.0
Sonoma,2018.0,76753.0
Stanislaus,2018.0,57387.0
Sutter,2018.0,56955.0
Tehama,2018.0,42899.0
Trinity,2018.0,38497.0
Tulare,2018.0,47518.0
Tuolumne,2018.0,56493.0
Ventura,2018.0,84017.0
Yolo,2018.0,65923.0
Yuba,2018.0,52624.0
Alameda,2019.0,111700.0
Alpine,2019.0,94900.0
Amador,2019.0,73600.0
Butte,2019.0,66500.0
Calaveras,2019.0,75300.0
Colusa,2019.0,64800.0
Contra Costa,2019.0,111700.0
Del Norte,2019.0,64800.0
El Dorado,2019.0,83600.0
Fresno,2019.0,64800.0
Glenn,2019.0,64800.0
Humboldt,2019.0,64800.0
Imperial,2019.0,64800.0
Inyo,2019.0,72700.0
Kern,2019.0,64800.0
Kings,2019.0,64800.0
Lake,2019.0,64800.0
Lassen,2019.0,69400.0
Los Angeles,2019.0,73100.0
Madera,2019.0,64800.0
Marin,2019.0,136800.0
Mariposa,2019.0,65500.0
Mendocino,2019.0,64800.0
Merced,2019.0,64800.0
Modoc,2019.0,64800.0
Mono,2019.0,81200.0
Monterey,2019.0,74100.0
Napa,2019.0,100400.0
Nevada,2019.0,85100.0
Orange,2019.0,97900.0
Placer,2019.0,83600.0
Plumas,2019.0,70700.0
Riverside,2019.0,69700.0
Sacramento,2019.0,83600.0
San Benito,2019.0,84500.0
San Bernardino,2019.0,69700.0
San Diego,2019.0,86300.0
San Francisco,2019.0,136800.0
San Joaquin,2019.0,71400.0
San Luis Obispo,2019.0,87500.0
San Mateo,2019.0,136800.0
Santa Barbara,2019.0,79600.0
Santa Clara,2019.0,131400.0
Santa Cruz,2019.0,98000.0
Shasta,2019.0,64800.0
Sierra,2019.0,71800.0
Siskiyou,2019.0,64800.0
Solano,2019.0,85700.0
Sonoma,2019.0,93300.0
Stanislaus,2019.0,64800.0
Sutter,2019.0,64800.0
Tehama,2019.0,64800.0
Trinity,2019.0,64800.0
Tulare,2019.0,64800.0
Tuolumne,2019.0,66700.0
Ventura,2019.0,97800.0
Yolo,2019.0,87900.0
Yuba,2019.0,64800.0
