County,Taxable Year,Median Income
Modoc,2009,27499
Nonresident,2005,58612
Modoc,2003,25749
Sacramento,2007,36623
San Diego,2003,32410
El Dorado,2016,47741
Yuba,2001,24305
Lake,2004,27826
Madera,2007,27968
Siskiyou,2001,24068
Yuba,2012,30906
Lake,2015,29955
Nevada,2005,35827
San Joaquin,2016,35699
Sutter,2010,29373
San Mateo,2012,52025
Tehama,2004,26915
Tulare,2003,23373
Nevada,2012,35922
Los Angeles,2007,31187
Tulare,2001,21611
Colusa,2013,31123
San Francisco,2003,36354
Orange,2009,35869
Shasta,2000,26590
Sierra,2002,29976
San Luis Obispo,2010,35155
Stanislaus,2014,33020
Monterey,2002,29429
Alameda,2017,55146
Santa Cruz,2005,33776
Contra Costa,2008,46615
Tuolumne,2007,33026
Napa,2016,46177
Trinity,2010,26448
Sierra,2012,36624
San Mateo,2011,49741
Alpine,2001,31999
Siskiyou,2015,30307
Sacramento,2009,35954
Resident Out of State,2008,27352
Orange,2005,36787
Nonresident,2001,54721
Trinity,2016,30922
Imperial,2006,23557
Yolo,2006,35808
Riverside,2014,32612
Plumas,2013,35679
Placer,2000,37962
Los Angeles,2001,26909
Butte,2012,30673
Fresno,2005,27242
San Benito,2000,33718
Colusa,2017,35431
Madera,2003,25718
Mendocino,2010,27542
Yolo,2016,41790
Butte,2013,31630
Inyo,2011,34252
Inyo,2010,33060
Santa Cruz,2007,35302
Merced,2009,26339
Calaveras,2007,38038
Mono,2013,31546
Contra Costa,2006,45748
Madera,2014,28037
Siskiyou,2008,29094
Calaveras,2000,31420
Del Norte,2003,27825
Glenn,2017,33335
San Luis Obispo,2000,30163
Madera,2011,25939
Los Angeles,2011,30255
Tuolumne,2017,37437
Santa Cruz,2009,32932
Alpine,2008,36499
Marin,2015,63110
Imperial,2009,22841
Calaveras,2004,35025
Santa Clara,2006,47283
Santa Cruz,2010,32871
Mariposa,2004,28781
Napa,2006,39151
Kings,2005,27416
Yolo,2003,32806
Orange,2002,34081
Monterey,2000,28392
Sacramento,2012,37051
Sonoma,2009,36481
Placer,2015,50396
Kings,2002,25732
Yuba,2007,30566
San Benito,2004,35729
Sutter,2015,32792
Ventura,2000,33412
San Diego,2011,36352
Santa Clara,2003,42642
Amador,2014,38603
Mono,2001,27285
San Mateo,2017,64139
Sonoma,2005,37345
San Diego,2006,36081
Siskiyou,2004,25958
Stanislaus,2011,30907
Modoc,2017,31446
Ventura,2002,34614
Placer,2003,40015
Fresno,2000,23638
Santa Clara,2013,51937
Unallocated,2013,60270
Kings,2012,29356
Lake,2008,29790
Fresno,2010,26950
San Bernardino,2017,33761
Mono,2017,37292
San Luis Obispo,2007,36684
Inyo,2013,36266
Merced,2011,26316
Sutter,2017,34402
Los Angeles,2000,26478
Tehama,2006,28417
Kern,2017,31757
Mariposa,2008,31608
Alpine,2014,38999
Siskiyou,2006,28202
Tehama,2005,27517
Contra Costa,2011,45446
Lake,2009,28307
Solano,2016,44414
San Diego,2008,36802
Fresno,2007,28180
Santa Cruz,2004,32946
Amador,2002,32930
Placer,2006,44034
Madera,2005,27738
Fresno,2004,26540
Butte,2015,32261
San Francisco,2012,47655
Madera,2002,24756
Sutter,2012,31014
Inyo,2014,36446
Mendocino,2000,25368
Riverside,2002,29498
Trinity,2009,25322
Resident Out of State,2010,25933
Sacramento,2015,38606
Modoc,2004,25939
Siskiyou,2003,25456
Glenn,2008,29146
Nevada,2007,37504
Yuba,2004,27268
Sonoma,2000,34862
Contra Costa,2014,49178
Marin,2017,68646
Tulare,2011,25242
Lake,2003,26702
Shasta,2017,35365
Trinity,2002,24425
Plumas,2016,35751
Unallocated,2008,35902
San Bernardino,2001,28836
San Joaquin,2013,33249
San Diego,2005,34500
Napa,2003,35472
Sonoma,2011,37225
Marin,2012,54894
Orange,2015,40243
Santa Cruz,2014,37492
Santa Cruz,2013,36338
Mariposa,2010,30320
Unallocated,2017,46640
Humboldt,2012,30799
Lassen,2016,42787
Lassen,2013,40012
Nonresident,2017,14600
Resident Out of State,2014,34491
Siskiyou,2010,27718
Fresno,2002,25204
Calaveras,2009,34421
San Mateo,2015,59192
Modoc,2005,26434
Unallocated,2005,27853
Unallocated,2015,37541
San Mateo,2008,49647
Lake,2010,27621
Butte,2000,24513
Lake,2012,28767
Glenn,2011,28179
Inyo,2007,33690
Nevada,2014,38025
San Benito,2007,36813
Fresno,2013,28791
Ventura,2010,35748
San Luis Obispo,2004,33014
Santa Cruz,2016,40650
Tulare,2014,27204
Yuba,2016,32937
Monterey,2009,29415
Mendocino,2002,25684
Santa Clara,2001,45585
Santa Barbara,2012,34528
Mono,2008,32761
Inyo,2004,29751
Merced,2016,30304
Siskiyou,2012,29804
Stanislaus,2002,29121
Kern,2000,25794
Nevada,2004,34284
Stanislaus,2003,29987
Tehama,2010,26966
Tehama,2008,28082
Colusa,2001,22591
Riverside,2005,31889
Mono,2015,33567
Placer,2011,44466
Lake,2006,30071
San Benito,2013,36726
Alameda,2016,52963
Modoc,2007,28083
Merced,2003,25636
Mariposa,2006,31368
Amador,2005,36796
San Diego,2014,38568
Solano,2013,41275
San Luis Obispo,2002,31122
Imperial,2003,21799
Sacramento,2000,31939
Monterey,2010,28945
Glenn,2015,31968
San Mateo,2005,45992
Orange,2011,36533
Nevada,2016,39776
Humboldt,2015,31546
Sonoma,2007,39344
Mendocino,2001,25340
Santa Cruz,2011,33576
Imperial,2001,20230
Tulare,2016,28878
Yuba,2014,31976
Alpine,2010,37999
Alpine,2017,36111
Mariposa,2013,32657
Tuolumne,2004,30440
Madera,2009,26157
San Francisco,2009,42484
Del Norte,2012,31660
Inyo,2016,37910
Merced,2014,28517
Amador,2012,37639
San Bernardino,2000,28053
Siskiyou,2013,30274
Sonoma,2014,41038
Mono,2010,29828
Contra Costa,2017,53912
Colusa,2002,23288
Calaveras,2013,37833
Yuba,2017,33537
Kern,2011,29860
Tuolumne,2016,36327
Napa,2002,35208
Imperial,2010,23018
Del Norte,2006,30631
Monterey,2013,31433
San Luis Obispo,2009,34921
Stanislaus,2007,32200
Ventura,2009,35961
Alameda,2004,39779
Glenn,2002,23681
Modoc,2016,30809
Los Angeles,2014,32317
Lassen,2004,35965
Kings,2011,28602
San Bernardino,2014,31569
Alameda,2011,42897
Shasta,2009,30108
San Luis Obispo,2016,42710
Orange,2000,33515
Santa Barbara,2006,34764
Glenn,2000,22389
Colusa,2004,25403
Marin,2000,46696
Nonresident,2012,70160
Tuolumne,2003,29122
San Mateo,2002,43477
San Joaquin,2003,31804
Kern,2005,29091
Trinity,2000,24083
Plumas,2004,31353
Santa Cruz,2001,32624
Shasta,2005,31020
Colusa,2000,21691
San Bernardino,2002,29363
Ventura,2013,38025
Lake,2013,29329
El Dorado,2003,41609
Santa Clara,2012,49921
Nevada,2017,40721
San Diego,2017,42009
Solano,2008,41501
San Diego,2015,39515
Napa,2004,36429
Imperial,2008,24035
Monterey,2011,29347
Tehama,2013,29046
Fresno,2016,30925
Ventura,2011,36307
Fresno,2014,29265
San Luis Obispo,2011,36539
Mendocino,2006,28680
Marin,2007,53673
Amador,2010,35819
Placer,2013,47961
Tuolumne,2005,31745
Mariposa,2017,35162
Kings,2015,30806
Santa Barbara,2015,36985
Mendocino,2004,26574
Ventura,2006,38200
Resident Out-of-State,2017,34108
Placer,2016,53148
Alpine,2002,34166
San Joaquin,2010,31131
Shasta,2014,33591
Trinity,2004,25860
Lassen,2008,40537
Unallocated,2010,36227
Tuolumne,2001,28466
El Dorado,2013,47590
Kern,2014,31347
Tuolumne,2012,32319
Calaveras,2016,39343
Kings,2007,28963
Mono,2003,28556
Yolo,2004,33426
El Dorado,2010,43180
San Benito,2016,41573
Modoc,2012,29423
Tulare,2007,25960
Riverside,2008,32316
Riverside,2009,30482
San Bernardino,2004,30653
Sacramento,2003,34087
Riverside,2010,30055
Colusa,2009,27978
San Mateo,2000,44270
Stanislaus,2001,28501
Mono,2005,31031
Humboldt,2006,28736
Amador,2008,37699
San Francisco,2006,41801
Nonresident,2010,61317
Solano,2004,39205
Madera,2012,26947
Yolo,2002,31787
San Benito,2001,34694
San Luis Obispo,2013,39170
San Luis Obispo,2014,40402
Placer,2009,42414
Glenn,2005,27157
Nonresident,2008,62693
Monterey,2006,31747
Sutter,2000,25298
Marin,2003,44797
Imperial,2012,23880
San Joaquin,2007,33572
Resident Out of State,2002,28527
San Luis Obispo,2001,30686
Riverside,2015,33375
Colusa,2007,27953
Napa,2000,34496
Trinity,2006,28214
Calaveras,2001,31780
San Bernardino,2011,30246
Fresno,2017,31325
Yolo,2000,29382
Colusa,2014,31821
Orange,2001,34047
Mendocino,2011,27920
Tehama,2017,31440
Stanislaus,2012,32077
Sierra,2015,36675
Santa Clara,2008,48479
Madera,2015,28850
Kings,2003,25839
Alameda,2007,43220
Stanislaus,2005,31864
Trinity,2011,27226
Humboldt,2009,28261
Inyo,2001,27870
Butte,2003,26205
Siskiyou,2016,30875
Merced,2012,27289
Santa Clara,2010,46365
Imperial,2013,24058
Orange,2003,34632
Sutter,2001,26158
Santa Cruz,2000,32194
Alameda,2009,41964
Amador,2015,39090
San Mateo,2014,56123
Riverside,2012,31519
Los Angeles,2002,27164
Lake,2016,30983
Colusa,2008,29452
Mariposa,2005,29521
Glenn,2014,31087
Solano,2009,40214
Yolo,2007,36316
Sierra,2003,30309
Kings,2006,28417
San Diego,2000,30405
Solano,2010,39358
Plumas,2007,34986
San Diego,2009,35419
Napa,2007,40296
Alpine,2009,39249
San Joaquin,2001,30711
San Luis Obispo,2008,36547
El Dorado,2006,45487
Amador,2000,31806
Tulare,2002,22584
Yolo,2009,36299
Nonresident,2014,71228
Sacramento,2006,36306
Sacramento,2016,39882
Imperial,2007,23851
Santa Clara,2004,44152
Napa,2011,38883
San Bernardino,2007,31380
Mariposa,2001,26236
Fresno,2001,24483
Orange,2006,38150
Napa,2009,38084
Contra Costa,2005,44312
Santa Clara,2007,48131
Merced,2000,23222
Inyo,2000,27170
Orange,2010,35814
El Dorado,2001,39978
Stanislaus,2015,33465
Unallocated,2003,31649
Sonoma,2006,38714
Inyo,2017,38200
Del Norte,2015,31817
Monterey,2001,28994
Marin,2008,51904
San Luis Obispo,2017,44523
Sierra,2005,32842
Colusa,2011,28667
Kings,2009,28510
Tuolumne,2008,32414
Imperial,2015,24921
Imperial,2016,25486
Contra Costa,2015,50667
San Diego,2012,37371
Trinity,2014,29389
Santa Clara,2016,60540
Alameda,2013,46217
Yuba,2005,29843
Amador,2017,41646
Solano,2000,35856
Merced,2002,24861
Mendocino,2013,29938
Merced,2007,27420
Tulare,2012,26010
Imperial,2004,22308
Mendocino,2014,30802
Marin,2009,48172
Contra Costa,2012,47140
Contra Costa,2002,42762
Tehama,2009,26661
Sierra,2007,35181
Resident Out of State,2005,31282
Lassen,2000,33134
Plumas,2011,33509
Yolo,2001,30825
Fresno,2008,28584
Riverside,2000,27888
Butte,2006,29298
Sonoma,2001,35322
San Mateo,2009,47754
San Diego,2002,31813
San Luis Obispo,2005,34217
Alpine,2004,40322
San Bernardino,2008,31726
Sutter,2007,31136
Sierra,2006,35408
Riverside,2003,30227
Humboldt,2002,25356
Sutter,2003,28203
Trinity,2013,29192
Shasta,2011,31549
Sonoma,2002,35228
Los Angeles,2005,29551
El Dorado,2007,45523
Yolo,2011,37092
Mono,2009,29017
Butte,2010,28709
Placer,2004,41301
Santa Clara,2015,57281
Plumas,2017,37791
Riverside,2017,35336
Monterey,2015,33557
Marin,2013,57244
Santa Cruz,2017,42480
Amador,2003,33632
San Francisco,2015,56722
Inyo,2005,31544
Sacramento,2013,37495
Butte,2016,32904
Modoc,2008,28455
Ventura,2015,39799
Los Angeles,2006,30822
Sutter,2013,31811
Lassen,2017,43745
Lassen,2010,39966
Napa,2015,44878
Fresno,2011,27366
Alpine,2005,42173
Sutter,2008,31168
Sacramento,2008,37243
Monterey,2004,30503
Inyo,2008,33555
Sonoma,2003,35346
Yuba,2002,25173
Trinity,2015,29368
Unallocated,2011,39940
Placer,2001,38719
Merced,2006,26984
El Dorado,2014,47956
San Benito,2011,33882
Alameda,2005,40613
Mendocino,2017,33617
Santa Clara,2017,63682
Sonoma,2004,36099
San Joaquin,2005,33428
San Mateo,2013,53972
Humboldt,2005,27348
Mariposa,2003,27984
Resident Out of State,2004,29932
Nevada,2008,36185
San Joaquin,2006,33825
Orange,2008,38025
Sierra,2013,36891
Santa Barbara,2002,30463
Yolo,2017,42522
Unallocated,2016,28993
San Bernardino,2013,31134
Mariposa,2014,33412
Unallocated,2009,35208
Kings,2013,29537
Napa,2017,48513
Sierra,2011,35157
Placer,2007,44604
Glenn,2016,32016
Mono,2011,30874
Imperial,2017,25785
Los Angeles,2010,29779
Mariposa,2002,27120
Lake,2011,27915
Trinity,2017,31154
Merced,2008,27799
El Dorado,2012,45735
Alpine,2007,41249
Tulare,2005,24774
Mendocino,2015,31583
San Mateo,2006,48117
Glenn,2009,27458
Mariposa,2000,26330
Solano,2017,45735
San Francisco,2010,42821
Tulare,2000,21068
Orange,2012,37691
Tehama,2000,23445
Tehama,2014,29897
Calaveras,2002,32885
Humboldt,2004,26766
Yolo,2015,40571
Resident Out of State,2006,29712
Plumas,2002,29872
Santa Cruz,2012,34951
Sutter,2009,29675
Mono,2016,35458
San Bernardino,2015,32194
Alpine,2006,43124
Plumas,2005,33871
Butte,2001,24847
Tulare,2008,26494
Calaveras,2014,38499
Shasta,2003,28984
San Joaquin,2011,31568
Sonoma,2015,42963
San Diego,2004,33485
Sutter,2016,33599
Glenn,2006,27789
San Benito,2014,37934
Orange,2013,38322
Sutter,2005,30258
Sacramento,2001,33012
Tehama,2011,27869
Marin,2016,64675
Humboldt,2000,24633
Calaveras,2005,36424
Humboldt,2011,29727
Kern,2001,26906
Marin,2001,45869
Sierra,2014,35963
Unallocated,2012,51249
Modoc,2010,26786
Kings,2016,32500
Los Angeles,2008,31679
Del Norte,2017,33401
Alpine,2013,35999
Colusa,2005,26188
Inyo,2012,34838
Mariposa,2009,29875
Monterey,2003,29789
San Francisco,2017,63524
San Francisco,2007,43757
Contra Costa,2000,42052
Del Norte,2010,30033
San Bernardino,2016,33108
Contra Costa,2007,46375
Yolo,2013,39237
Napa,2013,42110
Mono,2014,32832
Sonoma,2008,38970
Fresno,2003,26021
San Benito,2003,35059
Sonoma,2010,36405
Los Angeles,2004,28686
Mariposa,2011,31198
Contra Costa,2009,44497
Santa Barbara,2000,29599
Mariposa,2007,31357
Monterey,2005,31069
San Joaquin,2012,32505
Calaveras,2003,33453
Alpine,2011,41111
Butte,2008,29783
Sierra,2009,33408
Merced,2004,26407
San Mateo,2016,60828
Yuba,2008,31341
Los Angeles,2012,31144
Santa Cruz,2008,35228
Los Angeles,2015,33369
Contra Costa,2004,43639
Orange,2014,39023
Tulare,2006,25528
Humboldt,2007,29312
Orange,2016,41557
Tuolumne,2010,30783
Tulare,2004,24048
Nonresident,2006,62209
Plumas,2009,31558
Colusa,2016,34256
Unallocated,2014,52328
Del Norte,2013,31242
Tehama,2001,24354
San Luis Obispo,2003,31831
Solano,2002,38120
Lake,2007,29855
Alameda,2002,38044
San Bernardino,2005,31026
Nevada,2002,31864
Shasta,2001,27314
Ventura,2007,37996
Resident Out of State,2015,37963
Kings,2014,30440
Sierra,2016,36886
Mono,2012,29787
Sacramento,2010,35426
Lassen,2002,33499
Modoc,2000,24390
Ventura,2003,35370
Kern,2006,30207
Resident Out of State,2009,25537
Del Norte,2001,25687
El Dorado,2015,48826
Resident Out of State,2011,27642
Santa Clara,2002,43105
San Benito,2005,36380
Riverside,2004,31256
Monterey,2007,31840
Del Norte,2000,25540
Modoc,2006,27418
Nonresident,2000,57766
Riverside,2013,32188
Kern,2003,27729
Siskiyou,2005,26609
Nevada,2010,34086
Nonresident,2003,54532
San Francisco,2001,37315
San Joaquin,2014,33964
Yolo,2008,37249
Nevada,2011,35190
Glenn,2001,23085
Alpine,2012,35799
Inyo,2015,36861
Kern,2008,31294
Modoc,2001,24927
Tulare,2013,26428
Santa Barbara,2014,36143
Butte,2017,33833
Merced,2013,28087
Ventura,2004,36249
Lassen,2009,39008
Humboldt,2010,28857
Calaveras,2010,34171
Ventura,2014,38851
Madera,2016,29289
Santa Barbara,2007,35511
Del Norte,2002,26759
Santa Cruz,2015,38989
Sacramento,2017,40803
Siskiyou,2007,28783
Shasta,2010,30363
San Francisco,2000,37458
Stanislaus,2006,32185
Ventura,2001,34078
Amador,2009,35524
Calaveras,2006,37996
Yuba,2011,29728
San Joaquin,2008,33922
San Joaquin,2015,34684
Santa Barbara,2009,33576
Nonresident,2002,54467
Amador,2004,34734
Fresno,2006,28035
Tehama,2007,28368
Yuba,2009,29332
Imperial,2002,21164
El Dorado,2011,44224
Humboldt,2013,31463
San Diego,2007,36441
Monterey,2014,32392
Yuba,2010,29190
Stanislaus,2016,34573
Madera,2004,26688
Santa Clara,2000,45214
Lassen,2005,37519
Del Norte,2007,30137
Nevada,2009,33730
Modoc,2002,25216
San Bernardino,2012,30939
Alpine,2015,40869
San Mateo,2001,44697
Sonoma,2012,38506
Mendocino,2005,27471
Calaveras,2008,37473
Tehama,2002,24973
Placer,2010,43073
Orange,2004,35787
Santa Barbara,2004,32265
Humboldt,2014,31604
Merced,2015,29113
Imperial,2000,19094
Santa Clara,2005,45239
Siskiyou,2017,31879
San Bernardino,2009,30440
San Luis Obispo,2006,35963
El Dorado,2008,45330
Napa,2001,35069
Placer,2008,44439
Alpine,2003,36124
Madera,2006,28385
Amador,2016,40648
Orange,2007,38152
Solano,2001,37507
Stanislaus,2013,32627
Los Angeles,2017,35750
Resident Out of State,2000,25629
Los Angeles,2003,27746
Riverside,2006,32748
San Diego,2013,37998
Nevada,2015,38874
San Benito,2006,36987
Resident Out of State,2003,30370
Siskiyou,2011,28700
Tuolumne,2002,28636
Riverside,2016,34503
Mendocino,2012,29196
San Francisco,2002,35958
Del Norte,2005,28806
Santa Barbara,2011,33577
Madera,2013,27755
Colusa,2012,29393
Lassen,2001,33221
Sonoma,2017,46359
Lake,2000,24569
Contra Costa,2016,51996
Lake,2014,29495
Amador,2006,37945
Tulare,2015,27811
Yolo,2005,34331
Yuba,2015,32059
Monterey,2012,30159
Kern,2010,29232
Lake,2017,31725
Alpine,2000,29333
San Benito,2008,36809
Calaveras,2011,35457
Shasta,2006,32182
Kern,2009,29721
Sierra,2004,32732
San Benito,2010,33613
Colusa,2015,33799
Resident Out of State,2012,29481
Siskiyou,2000,23838
Santa Barbara,2010,33189
Napa,2008,40349
San Benito,2002,35358
Kings,2004,26258
Trinity,2012,28287
Resident Out of State,2007,28296
Tuolumne,2009,30909
Tehama,2003,25978
Placer,2017,54890
Imperial,2005,22962
Placer,2012,46379
Plumas,2006,34789
Shasta,2007,32075
Sierra,2001,31451
Butte,2007,29710
Plumas,2015,34590
Stanislaus,2008,32630
Kings,2000,24022
Glenn,2003,24523
Humboldt,2017,33101
Tuolumne,2006,33040
Humboldt,2016,32495
Tehama,2015,30321
Unallocated,2000,20220
Amador,2001,31931
Marin,2011,52032
Plumas,2001,29717
Fresno,2012,28165
Madera,2010,25692
Mendocino,2008,28972
Shasta,2008,32069
Amador,2007,38080
Mariposa,2015,34208
Fresno,2009,27317
Santa Barbara,2017,39357
Mendocino,2003,26005
Colusa,2003,24305
Kings,2001,24795
Sutter,2004,29369
Contra Costa,2013,48219
San Diego,2010,35544
Siskiyou,2014,31134
Lassen,2007,39117
Merced,2010,25810
Sierra,2000,30105
San Diego,2016,41013
Ventura,2012,37360
Del Norte,2008,31185
Lake,2002,25651
Stanislaus,2009,30711
Monterey,2016,35443
Tulare,2010,24835
Marin,2014,59896
Alameda,2006,42360
Alameda,2001,38582
Lassen,2006,39066
Solano,2003,38436
San Benito,2009,34317
Plumas,2008,33828
Del Norte,2009,29962
Napa,2005,37528
San Bernardino,2003,29829
Sacramento,2014,37925
Santa Barbara,2016,38257
Riverside,2001,28804
Amador,2011,36408
Stanislaus,2004,30983
San Francisco,2005,39187
San Francisco,2008,44448
Nevada,2006,37468
Shasta,2002,28138
Marin,2004,46699
Siskiyou,2002,24865
Nonresident,2009,59342
Kern,2012,30838
San Mateo,2003,43369
Lake,2005,28826
San Joaquin,2017,37102
Yuba,2013,31545
Mono,2000,26351
Monterey,2017,37118
Placer,2002,39155
Kern,2013,30938
San Benito,2015,39663
San Mateo,2007,49230
Shasta,2012,32470
Modoc,2011,28847
Butte,2014,32036
Tulare,2017,29256
Tehama,2016,30986
Mendocino,2007,28786
Sacramento,2011,36062
Solano,2015,42983
Lassen,2015,40355
Yuba,2006,30240
Sutter,2011,30280
Trinity,2005,26480
Solano,2005,39530
Merced,2017,31078
Madera,2001,23876
El Dorado,2017,49180
Kern,2016,31326
Trinity,2001,23400
Madera,2008,27818
Shasta,2013,33299
Ventura,2016,41312
Ventura,2017,42779
Yuba,2003,26505
Imperial,2011,23345
Sutter,2014,32338
Amador,2013,37846
Contra Costa,2010,44492
Mendocino,2009,27427
Modoc,2014,31073
Unallocated,2007,38111
Kern,2002,27295
San Joaquin,2000,29664
Stanislaus,2010,30519
Placer,2005,42632
Nevada,2013,36869
Lassen,2011,40518
Santa Cruz,2003,32002
San Francisco,2004,37514
Inyo,2006,33103
San Luis Obispo,2012,37910
Alameda,2008,43872
Siskiyou,2009,27106
Mariposa,2016,35220
El Dorado,2000,39104
Santa Cruz,2006,35062
Placer,2014,49171
Del Norte,2004,28346
Santa Barbara,2013,35378
Nonresident,2015,71107
Tuolumne,2013,34191
Merced,2001,24159
Glenn,2007,28839
Marin,2005,48854
Marin,2010,49675
Glenn,2012,29366
Colusa,2010,28051
San Joaquin,2004,32861
Santa Clara,2011,47992
San Benito,2017,44197
Sutter,2002,27349
Sacramento,2002,33498
Yuba,2000,23742
Shasta,2015,33381
San Mateo,2004,44847
Los Angeles,2013,31516
Modoc,2015,30412
Orange,2017,42902
Stanislaus,2017,35396
Mono,2004,29877
San Francisco,2011,45013
Alameda,2003,38411
Del Norte,2014,31017
Alameda,2014,47730
Madera,2017,30576
Tuolumne,2011,31445
Ventura,2005,36901
Inyo,2003,29120
Nonresident,2013,69875
Humboldt,2003,26157
Del Norte,2011,31166
Trinity,2008,28012
Butte,2005,28025
Kings,2008,29766
Alameda,2012,44821
Napa,2014,43471
Mariposa,2012,31705
Shasta,2016,34681
Tuolumne,2014,34511
Yolo,2014,39705
Calaveras,2017,40979
Sonoma,2013,39821
Calaveras,2015,38936
Butte,2002,25332
El Dorado,2004,42819
Kern,2015,30942
San Benito,2012,35013
Los Angeles,2009,30112
Modoc,2013,29789
Tehama,2012,28370
Los Angeles,2016,34625
Kern,2004,28426
Imperial,2014,23969
Glenn,2010,27662
Santa Barbara,2003,31311
Sierra,2010,34899
Sacramento,2005,35402
Madera,2000,23034
Trinity,2007,27882
Unallocated,2001,20558
Riverside,2011,30565
Sacramento,2004,34772
Santa Cruz,2002,31975
Mono,2007,32591
Santa Clara,2009,45814
Nevada,2000,32079
Mono,2006,33673
Solano,2006,40641
San Joaquin,2002,30990
Resident Out-of-State19,2016,32164
Butte,2004,27087
San Francisco,2013,49777
Plumas,2003,30306
Inyo,2002,28329
Solano,2011,39662
Tuolumne,2000,28425
Nonresident,2011,64832
Kern,2007,30438
Shasta,2004,29719
Unallocated,2006,31384
El Dorado,2005,43935
Humboldt,2001,24892
San Bernardino,2010,29938
Napa,2012,40494
Monterey,2008,31611
Alameda,2010,41936
Contra Costa,2003,42880
Sierra,2008,35321
Santa Barbara,2001,30080
San Joaquin,2009,31937
Riverside,2007,32241
Plumas,2010,32208
Trinity,2003,25046
Lake,2001,25741
Sutter,2006,31013
Nonresident,2004,56182
Fresno,2015,29843
Sierra,2017,37583
Kings,2017,32599
San Luis Obispo,2015,41851
Lassen,2014,40690
Unallocated,2004,26957
Del Norte,2016,33172
Contra Costa,2001,43012
Alpine,2016,35765
Nevada,2001,32087
Tuolumne,2015,35305
Resident Out of State,2013,31501
Marin,2006,51720
Kings,2010,28121
Lassen,2003,34615
Inyo,2009,32874
Butte,2011,29613
Ventura,2008,37912
Nonresident20,2016,16063
Sonoma,2016,44236
Glenn,2013,30416
Santa Clara,2014,54166
Lassen,2012,40810
Yolo,2010,36272
Glenn,2004,25863
Plumas,2012,34484
Alameda,2015,50031
San Mateo,2010,48189
Mono,2002,28242
Solano,2012,40555
Mendocino,2016,32418
Marin,2002,44399
Resident Out of State,2001,27581
El Dorado,2002,40488
Calaveras,2012,36672
Solano,2007,40910
Tulare,2009,25302
Plumas,2014,35966
Alameda,2000,37580
Santa Barbara,2005,33186
Humboldt,2008,29298
Nonresident,2007,64404
Merced,2005,26988
Colusa,2006,26928
Butte,2009,28508
Stanislaus,2000,27559
San Francisco,2014,53249
Santa Barbara,2008,35259
El Dorado,2009,43180
Napa,2010,37964
Plumas,2000,29612
Yolo,2012,38069
San Bernardino,2006,31778
Solano,2014,41785
Nevada,2003,32682
San Francisco,2016,60573
San Diego,2001,31267
Unallocated,2002,28038
Alameda,"2,018","92,574"
Alpine,"2,018","64,688"
Amador,"2,018","61,198"
Butte,"2,018","48,443"
Calaveras,"2,018","58,151"
Colusa,"2,018","56,704"
Contra Costa,"2,018","93,712"
Del Norte,"2,018","45,258"
El Dorado,"2,018","80,582"
Fresno,"2,018","51,261"
Glenn,"2,018","47,395"
Humboldt,"2,018","45,528"
Imperial,"2,018","45,834"
Inyo,"2,018","52,874"
Kern,"2,018","52,479"
Kings,"2,018","53,865"
Lake,"2,018","42,475"
Lassen,"2,018","56,362"
Los Angeles,"2,018","64,251"
Madera,"2,018","52,884"
Marin,"2,018","110,217"
Mariposa,"2,018","51,199"
Mendocino,"2,018","49,233"
Merced,"2,018","50,129"
Modoc,"2,018","45,149"
Mono,"2,018","63,018"
Monterey,"2,018","66,676"
Napa,"2,018","84,753"
Nevada,"2,018","63,240"
Orange,"2,018","85,398"
Placer,"2,018","84,357"
Plumas,"2,018","53,270"
Riverside,"2,018","63,948"
Sacramento,"2,018","63,902"
San Benito,"2,018","81,977"
San Bernardino,"2,018","60,164"
San Diego,"2,018","74,855"
San Francisco,"2,018","104,552"
San Joaquin,"2,018","61,145"
San Luis Obispo,"2,018","70,699"
San Mateo,"2,018","113,776"
Santa Barbara,"2,018","71,657"
Santa Clara,"2,018","116,178"
Santa Cruz,"2,018","78,041"
Shasta,"2,018","50,905"
Sierra,"2,018","48,125"
Siskiyou,"2,018","44,200"
Solano,"2,018","77,609"
Sonoma,"2,018","76,753"
Stanislaus,"2,018","57,387"
Sutter,"2,018","56,955"
Tehama,"2,018","42,899"
Trinity,"2,018","38,497"
Tulare,"2,018","47,518"
Tuolumne,"2,018","56,493"
Ventura,"2,018","84,017"
Yolo,"2,018","65,923"
Yuba,"2,018","52,624"